measurement;ID;ID2;date;d18O;x;y;SE_permill;SE_percent;OH;Distance_um
1;A;margin;10.09.2021;NA;-3252;7065;;0.02;0.1657;1202.767642
2;A;BH-00355;10.09.2021;-7.8543718;-3218;7056;0.19;0.16;0.0428;1167.604813
3;A;BH-00355;10.09.2021;-9.0668843;-3184;7047;0.19;0.1;0.0504;1132.442493
4;A;BH-00355;10.09.2021;-7.1074641;-3150;7039;0.17;0.14;0.0439;1097.514465
5;A;BH-00355;10.09.2021;-4.9249416;-3116;7031;0.18;0.06;0.0433;1062.586467
6;A;BH-00355;10.09.2021;-5.8658513;-3082;7022;0.21;0.1;0.0461;1027.42445
7;A;BH-00355;10.09.2021;-7.8543718;-3048;7014;0.14;0.11;0.0449;992.4963476
8;A;BH-00355;10.09.2021;-7.5342685;-3014;7006;0.18;0.12;0.0453;957.5682743
9;A;BH-00355;10.09.2021;-8.8049816;-2980;6997;0.21;0.06;0.0469;922.4066348
10;A;BH-00355;10.09.2021;-8.7661812;-2946;6989;0.19;0.08;0.0475;887.4784504
11;A;BH-00355;10.09.2021;-8.0968743;-2912;6981;0.2;0.19;0.0485;852.5502918
12;A;BH-00355;10.09.2021;-8.4169776;-2878;6973;0.19;0.05;0.0441;817.6221621
13;A;BH-00355;10.09.2021;-8.9601832;-2844;6964;0.13;0.15;0.0455;782.4608616
14;A;BH-00355;10.09.2021;-8.7855814;-2810;6956;0.2;0.1;0.0472;747.532608
15;A;BH-00355;10.09.2021;-7.7961712;-2776;6948;0.18;0.12;0.0438;712.6043783
16;A;BH-00355;10.09.2021;-6.4478573;-2742;6939;0.18;0.13;0.0412;677.4437246
17;A;BH-00355;10.09.2021;-7.5924691;-2708;6931;0.14;0.1;0.0432;642.5153695
18;A;BH-00355;10.09.2021;-8.2520759;-2674;6923;0.19;0.17;0.0458;607.5870308
20;A;BH-00355;11.09.2021;-8.8534821;-2640;6915;0.16;0.14;0.0481;572.6587116
21;A;BH-00355;11.09.2021;-8.9989836;-2606;6906;0.2;0.09;0.0476;537.4988372
23;A;BH-00355;11.09.2021;-9.1250849;-2538;6890;0.22;0.11;0.0474;467.6419571
24;A;BH-00355;11.09.2021;-9.2123858;-2503;6881;0.16;0.11;0.049;431.5101389
25;A;BH-00355;11.09.2021;-9.1250849;-2468;6873;0.2;0.04;0.0507;395.6083922
26;A;BH-00355;11.09.2021;-8.9892835;-2433;6865;0.22;0.52;0.0544;359.7068251
27;A;BH-00355;11.09.2021;-9.1444851;-2398;6856;0.14;0.07;0.0513;323.575339
28;A;BH-00355;11.09.2021;-8.9213828;-2363;6848;0.24;0.06;0.0527;287.673426
29;A;BH-00355;11.09.2021;-8.9116827;-2328;6840;0.21;0.05;0.0517;251.771722
30;A;BH-00355;11.09.2021;-9.2220859;-2293;6832;0.17;0.04;0.0515;215.8703314
31;A;BH-00355;11.09.2021;-8.9310829;-2258;6823;0.21;0.11;0.0534;179.7386992
32;A;BH-00355;11.09.2021;-8.5236787;-2223;6815;0.15;0.05;0.0514;143.836713
33;A;BH-00355;11.09.2021;NA;-2188;6807;0.32;0.16;0.0599;107.9351657
34;A;BH-00355;11.09.2021;-10.104795;-2153;6798;0.23;0.04;0.0615;71.80529228
35;A;BH-00355;11.09.2021;-9.9010929;-2118;6790;0.12;0.12;0.0583;35.90264614
36;A;core;11.09.2021;-9.6488903;-2083;6782;0.16;0.07;0.0574;0
1;B;margin;11.09.2021;NA;-5405;6039;0.24;0.14;0.0373;2187.141513
2;B;BH-00356;11.09.2021;-7.9222725;-5374;6021;0.15;0.11;0.0395;2151.301234
3;B;BH-00356;11.09.2021;-7.8446717;-5343;6003;0.19;0.07;0.038;2115.461179
4;B;BH-00356;11.09.2021;-6.5254581;-5312;5986;0.17;0.22;0.0394;2080.106247
5;B;BH-00356;11.09.2021;-6.2053548;-5281;5968;0.22;0.05;0.038;2044.266372
6;B;BH-00356;11.09.2021;-8.0192735;-5250;5951;0.22;0.08;0.0367;2008.911397
7;B;BH-00356;11.09.2021;-8.64978;-5219;5933;0.15;0.06;0.0382;1973.071717
8;B;BH-00356;11.09.2021;-7.4081672;-5188;5916;0.17;0.03;0.0369;1937.716698
9;B;BH-00356;11.09.2021;-5.0316427;-5157;5899;0.24;0.18;0.037;1902.36169
10;B;BH-00356;11.09.2021;-6.6321592;-5126;5881;0.19;0.1;0.0359;1866.522167
11;B;BH-00356;11.09.2021;-7.097764;-5095;5864;0.16;0.07;0.0373;1831.167114
12;B;BH-00356;11.09.2021;-7.8931722;-5064;5847;0.22;0.08;0.0396;1795.812073
13;B;BH-00356;11.09.2021;-7.7476707;-5033;5829;0.18;0.08;0.0394;1759.972727
14;B;BH-00356;11.09.2021;-6.7582605;-5002;5812;0.16;0.05;0.0387;1724.617639
15;B;BH-00356;11.09.2021;-5.4196467;-4971;5794;0.22;0.09;0.0383;1688.778553
16;B;BH-00356;11.09.2021;-6.1762545;-4940;5777;0.18;0.11;0.0356;1653.423418
17;B;BH-00356;11.09.2021;-7.1268643;-4909;5760;0.15;0.23;0.034;1618.068293
18;B;BH-00356;11.09.2021;-7.6215694;-4878;5742;0.19;0.07;0.0372;1582.22944
19;B;BH-00356;11.09.2021;-7.8640719;-4847;5725;0.15;0.05;0.0379;1546.874268
20;B;BH-00356;11.09.2021;-7.6312695;-4816;5707;0.14;0.06;0.0383;1511.035737
21;B;BH-00356;11.09.2021;-5.3711462;-4785;5690;0.16;0.07;0.0367;1475.680521
22;B;BH-00356;11.09.2021;-5.7203498;-4754;5673;0.17;0.21;0.0379;1440.32531
23;B;BH-00356;11.09.2021;-6.9910629;-4723;5655;0.16;0.11;0.0365;1404.487095
24;B;BH-00356;11.09.2021;-6.6321592;-4692;5638;0.17;0.22;0.0347;1369.131842
25;B;BH-00356;11.09.2021;-7.3790669;-4661;5620;0.15;0.11;0.0366;1333.294041
26;B;BH-00356;11.09.2021;-7.3790669;-4630;5603;0.2;0.07;0.0384;1297.93875
27;B;BH-00356;11.09.2021;-7.5439686;-4599;5586;0.13;0.17;0.0378;1262.583463
28;B;BH-00356;11.09.2021;-7.3208663;-4568;5568;0.18;0.06;0.0383;1226.746103
29;B;BH-00356;11.09.2021;-6.8358613;-4537;5551;0.17;0.14;0.0373;1191.390784
30;B;BH-00356;11.09.2021;-6.7679606;-4506;5533;0.17;0.12;0.0376;1155.55398
31;B;BH-00356;11.09.2021;-7.0686637;-4475;5516;0.16;0.04;0.0389;1120.198643
32;B;BH-00356;11.09.2021;-7.4081672;-4444;5499;0.24;0.1;0.0397;1084.843307
33;B;BH-00356;11.09.2021;-7.4081672;-4413;5481;0.2;0.17;0.0397;1049.00715
34;B;BH-00356;11.09.2021;-7.4469676;-4382;5464;0.18;0.05;0.0407;1013.651814
35;B;BH-00356;11.09.2021;-8.358777;-4351;5446;0.17;0.08;0.0369;977.8164449
36;B;BH-00356;11.09.2021;-8.7273808;-4320;5429;0.2;0.09;0.0363;942.4611398
37;B;BH-00356;11.09.2021;-8.8049816;-4289;5412;0.2;0.1;0.0374;907.1058373
38;B;BH-00356;11.09.2021;-8.1259746;-4258;5394;0.17;0.09;0.0391;871.2714847
39;B;BH-00356;11.09.2021;-8.164775;-4227;5377;0.21;0.1;0.0409;835.9162637
40;B;BH-00356;11.09.2021;-7.6894701;-4196;5359;0.19;0.12;0.0399;800.0831207
41;B;BH-00356;11.09.2021;-8.3199766;-4165;5342;0.16;0.06;0.0389;764.7280562
42;B;BH-00356;11.09.2021;-8.9310829;-4133;5325;0.19;0.15;0.0425;728.4943377
43;B;BH-00356;11.09.2021;-7.6312695;-4101;5307;0.2;0.06;0.0437;691.783203
44;B;BH-00356;11.09.2021;-6.1083538;-4069;5290;0.19;0.05;0.0425;655.5493879
45;B;BH-00356;11.09.2021;-7.0783638;-4037;5272;0.16;0.07;0.0452;618.838428
46;B;BH-00356;11.09.2021;-7.2626657;-4005;5255;0.18;0.07;0.0448;582.6044971
47;B;BH-00356;11.09.2021;-7.3499666;-3973;5238;0.16;0.07;0.0442;546.3707532
48;B;BH-00356;11.09.2021;-8.0968743;-3941;5220;0.19;0.18;0.0442;509.6596904
49;B;BH-00356;11.09.2021;-8.1453748;-3909;5203;0.18;0.07;0.0441;473.4258126
50;B;BH-00356;11.09.2021;-7.5730689;-3877;5185;0.2;0.12;0.0441;436.71501
51;B;BH-00356;11.09.2021;-8.6594801;-3845;5168;0.19;0.08;0.0465;400.4809608
52;B;BH-00356;11.09.2021;-8.8728823;-3813;5151;0.22;0.09;0.0456;364.2471688
53;B;BH-00356;11.09.2021;-9.0959846;-3781;5133;0.2;0.1;0.0469;327.5362575
54;B;BH-00356;11.09.2021;-9.0474841;-3749;5116;0.22;0.08;0.0449;291.3022485
55;B;BH-00356;11.09.2021;NA;-3717;5098;0.24;0.24;0.0488;254.5918302
56;B;BH-00356;11.09.2021;NA;-3685;5081;0.29;0.07;0.0509;218.357505
57;B;BH-00356;11.09.2021;NA;-3653;5064;0.28;0.04;0.049;182.1235844
58;B;BH-00356;11.09.2021;NA;-3621;5046;0.23;0.06;0.0498;145.4132044
59;B;BH-00356;11.09.2021;-8.7370809;-3589;5064;0.22;0.15;0.0517;129.5569373
60;B;BH-00356;11.09.2021;-8.5333788;-3557;5011;0.17;0.12;0.0497;72.47068373
61;B;BH-00356;11.09.2021;-8.6206797;-3525;4994;0.16;0.06;0.0503;36.23534186
62;B;core;11.09.2021;NA;-3493;4977;0.3;0.09;0.0494;0
1;C;margin;11.09.2021;NA;3363;5843;;0.06;0.1656;1839.017401
2;C;BH-00391;11.09.2021;-7.0880639;3329;5853;0.16;0.06;0.0371;1803.586704
3;C;BH-00391;11.09.2021;-2.7133188;3295;5863;0.17;0.07;0.0375;1768.156384
4;C;BH-00391;11.09.2021;-6.4478573;3262;5874;0.19;0.07;0.0401;1733.373878
5;C;BH-00391;11.09.2021;-8.3684771;3229;5884;0.21;0.1;0.0398;1698.896112
6;C;BH-00391;11.09.2021;-5.157744;3196;5895;0.24;0.06;0.0355;1664.113578
7;C;BH-00391;11.09.2021;-7.2335654;3163;5905;0.18;0.06;0.0385;1629.635849
8;C;BH-00391;11.09.2021;-7.3305664;3130;5916;0.15;0.2;0.039;1594.853285
9;C;BH-00391;11.09.2021;-7.6215694;3097;5926;0.12;0.07;0.0369;1560.375596
10;C;BH-00391;11.09.2021;-5.8755514;3064;5937;0.23;0.12;0.0347;1525.592999
11;C;BH-00391;11.09.2021;-7.5439686;3031;5948;0.17;0.09;0.0374;1490.810518
12;C;BH-00391;11.09.2021;-8.7661812;2998;5958;0.19;0.11;0.0373;1456.332723
13;C;BH-00391;11.09.2021;-7.485768;2965;5969;0.2;0.05;0.036;1421.55021
14;C;BH-00391;11.09.2021;-7.6603698;2932;5979;0.19;0.2;0.0367;1387.072457
15;C;BH-00391;11.09.2021;-7.8931722;2899;5990;0.18;0.09;0.0381;1352.28991
16;C;BH-00391;11.09.2021;-7.3596667;2866;6000;0.16;0.15;0.0369;1317.812202
17;C;BH-00391;11.09.2021;-7.2626657;2833;6011;0.17;0.09;0.0387;1283.029618
18;C;BH-00391;11.09.2021;-6.127754;2800;6021;0.15;0.15;0.0398;1248.551961
19;C;BH-00391;11.09.2021;-6.7582605;2767;6032;0.16;0.15;0.0371;1213.769336
20;C;BH-00391;11.09.2021;-8.164775;2734;6043;0.15;0.09;0.0385;1178.986853
21;C;BH-00391;11.09.2021;-8.9795834;2701;6053;0.22;0.1;0.0399;1144.509065
22;C;BH-00391;11.09.2021;-8.5624791;2668;6064;0.23;0.09;0.0423;1109.726543
23;C;BH-00391;11.09.2021;-5.7882505;2635;6074;0.18;0.14;0.0377;1075.248808
24;C;BH-00391;11.09.2021;-7.2141652;2602;6085;0.2;0.04;0.0385;1040.466242
25;C;BH-00391;11.09.2021;-8.9601832;2569;6095;0.2;0.07;0.0384;1005.988569
26;C;BH-00391;11.09.2021;-8.9795834;2536;6106;0.14;0.16;0.0419;971.2059514
27;C;BH-00391;11.09.2021;-9.3093868;2503;6117;0.2;0.11;0.0434;936.4235153
28;C;BH-00391;11.09.2021;-8.9504831;2470;6127;0.17;0.06;0.0424;901.9456746
29;C;BH-00391;11.09.2021;-8.5721792;2437;6138;0.16;0.31;0.0429;867.1631911
30;C;BH-00391;11.09.2021;-5.2838453;2404;6148;0.15;0.15;0.043;832.6854148
31;C;BH-00391;11.09.2021;-8.4072775;2371;6159;0.19;0.14;0.0382;797.9028763
32;C;BH-00391;11.09.2021;-8.5624791;2338;6169;0.16;0.21;0.0409;763.4251764
33;C;BH-00391;11.09.2021;-8.3878773;2305;6180;0.2;0.09;0.0408;728.6425736
34;C;BH-00391;11.09.2021;-8.067774;2272;6190;0.19;0.17;0.042;694.164966
35;C;BH-00391;11.09.2021;-7.9416727;2239;6201;0.17;0.23;0.0452;659.3822867
36;C;BH-00391;11.09.2021;-5.9046517;2206;6212;0.16;0.08;0.04;624.5998719
37;C;BH-00391;11.09.2021;-8.1259746;2173;6222;0.14;0.08;0.0444;590.1220213
38;C;BH-00391;11.09.2021;-8.6400799;2139;6233;0.2;0.14;0.0455;554.3870489
39;C;BH-00391;11.09.2021;-8.5139786;2107;6243;0.16;0.08;0.0438;520.8617859
40;C;BH-00391;11.09.2021;-9.3384871;2073;6254;0.22;0.14;0.0435;485.1267876
41;C;BH-00391;11.09.2021;-7.7864711;2041;6264;0.16;0.15;0.043;451.6015943
42;C;BH-00391;11.09.2021;-7.4566677;2007;6275;0.21;0.23;0.0435;415.8665651
43;C;BH-00391;11.09.2021;-7.8155714;1975;6286;0.23;0.12;0.0411;382.0366475
44;C;BH-00391;11.09.2021;-8.0192735;1941;6296;0.21;0.1;0.0418;346.606405
45;C;BH-00391;11.09.2021;-8.2520759;1909;6307;0.17;0.1;0.0438;312.7762779
46;C;BH-00391;11.09.2021;-7.7088703;1875;6317;0.15;0.13;0.0419;277.3463539
47;C;BH-00391;12.09.2021;-7.3014661;1843;6328;0.17;0.03;0.0403;243.5159132
48;C;BH-00391;12.09.2021;-7.8058713;1809;6338;0.2;0.07;0.0422;208.0865205
49;C;BH-00391;12.09.2021;-7.7670709;1777;6349;0.2;0.04;0.0434;174.2555595
50;C;BH-00391;12.09.2021;-8.8146817;1743;6360;0.13;0.06;0.0443;138.5207566
51;C;BH-00391;12.09.2021;-7.8349716;1711;6370;0.17;0.05;0.0427;104.995238
52;C;BH-00391;12.09.2021;-7.9416727;1677;6381;0.15;0.07;0.0428;69.26037828
53;C;BH-00391;12.09.2021;-8.1744751;1645;6391;0.16;0.09;0.0427;35.73513677
54;C;core;12.09.2021;-8.0774741;1611;6402;0.19;0.12;0.0463;0
1;D;margin;12.09.2021;-8.0580739;-6786;0;0.24;0.17;0.0383;1831.289163
2;D;BH-00392;12.09.2021;-5.4196467;-6775;33;0.18;0.04;0.039;1796.510507
3;D;BH-00392;12.09.2021;-7.3693668;-6764;66;0.17;0.05;0.0379;1761.732102
4;D;BH-00392;12.09.2021;-6.4090569;-6753;99;0.15;0.05;0.0367;1726.953966
5;D;BH-00392;12.09.2021;-6.3411562;-6742;132;0.2;0.09;0.0342;1692.176114
6;D;BH-00392;12.09.2021;-3.5572275;-6731;165;0.19;0.07;0.0359;1657.398564
7;D;BH-00392;12.09.2021;-4.1586337;-6720;198;0.22;0.07;0.0363;1622.621336
8;D;BH-00392;12.09.2021;-6.6224591;-6709;231;0.21;0.06;0.0361;1587.844451
9;D;BH-00392;12.09.2021;-7.5924691;-6698;264;0.14;0.07;0.0349;1553.067932
10;D;BH-00392;12.09.2021;-8.4266777;-6687;297;0.2;0.09;0.0353;1518.291803
11;D;BH-00392;12.09.2021;-5.933752;-6676;330;0.19;0.09;0.0371;1483.516094
12;D;BH-00392;12.09.2021;-6.2635554;-6665;363;0.2;0.14;0.0355;1448.740833
13;D;BH-00392;12.09.2021;-7.1268643;-6654;396;0.16;0.14;0.036;1413.966053
14;D;BH-00392;12.09.2021;-8.2423758;-6642;429;0.19;0.1;0.0372;1378.852059
15;D;BH-00392;12.09.2021;-6.6321592;-6630;462;0.19;0.11;0.0374;1343.73807
16;D;BH-00392;12.09.2021;-6.8940619;-6618;495;0.14;0.12;0.0373;1308.624087
17;D;BH-00392;12.09.2021;-6.3993568;-6606;528;0.23;0.08;0.0352;1273.51011
18;D;BH-00392;12.09.2021;-7.2529656;-6594;561;0.15;0.08;0.0368;1238.39614
19;D;BH-00392;12.09.2021;-7.2432655;-6582;594;0.2;0.09;0.0406;1203.282178
20;D;BH-00392;12.09.2021;-8.1550749;-6570;627;0.18;0.05;0.0386;1168.168224
21;D;BH-00392;12.09.2021;-8.3975774;-6558;660;0.18;0.09;0.039;1133.054279
22;D;BH-00392;12.09.2021;-5.6524491;-6546;693;0.12;0.04;0.0361;1097.940344
23;D;BH-00392;12.09.2021;-6.7970609;-6534;726;0.14;0.08;0.0385;1062.82642
24;D;BH-00392;12.09.2021;-9.1735854;-6522;759;0.21;0.16;0.0436;1027.712508
25;D;BH-00392;12.09.2021;-9.2414861;-6510;792;0.16;0.08;0.0436;992.5986097
26;D;BH-00392;12.09.2021;-8.9989836;-6498;825;0.19;0.08;0.0434;957.4847257
27;D;BH-00392;12.09.2021;-8.6400799;-6486;858;0.23;0.14;0.041;922.3708582
28;D;BH-00392;12.09.2021;-8.5139786;-6474;891;0.17;0.15;0.0404;887.257009
29;D;BH-00392;12.09.2021;-7.8446717;-6462;924;0.17;0.09;0.0389;852.1431805
30;D;BH-00392;12.09.2021;-6.2829556;-6450;957;0.23;0.09;0.0411;817.0293752
31;D;BH-00392;12.09.2021;-7.0201632;-6438;990;0.18;0.03;0.0403;781.9155965
32;D;BH-00392;12.09.2021;-8.2520759;-6426;1023;0.18;0.11;0.0423;746.8018479
33;D;BH-00392;12.09.2021;-8.7273808;-6414;1056;0.22;0.16;0.0401;711.6881339
34;D;BH-00392;12.09.2021;-8.5042785;-6402;1089;0.19;0.16;0.0413;676.5744601
35;D;BH-00392;12.09.2021;-8.1259746;-6390;1122;0.16;0.16;0.0406;641.4608328
36;D;BH-00392;12.09.2021;-7.9125724;-6378;1155;0.15;0.2;0.0403;606.3472602
37;D;BH-00392;12.09.2021;-8.2423758;-6366;1188;0.19;0.18;0.0404;571.2337525
38;D;BH-00392;12.09.2021;-6.6321592;-6354;1221;0.17;0.11;0.0397;536.1203223
39;D;BH-00392;12.09.2021;-5.7106497;-6342;1254;0.16;0.1;0.0394;501.006986
40;D;BH-00392;12.09.2021;-7.0492635;-6330;1287;0.16;0.08;0.0392;465.8937647
41;D;BH-00392;12.09.2021;-6.1180539;-6318;1320;0.19;0.04;0.0406;430.7806867
42;D;BH-00392;12.09.2021;-6.0889536;-6306;1353;0.14;0.2;0.0169;395.6677899
43;D;BH-00392;12.09.2021;-5.836751;-6294;1386;0.25;0.13;0.0245;360.5551275
44;D;BH-00392;12.09.2021;-6.5351582;-6282;1420;0.19;0.52;0.037;324.4996148
45;D;BH-00392;12.09.2021;-6.9522625;-6270;1454;0.21;0.35;0.0398;288.444102
46;D;BH-00392;12.09.2021;-7.67977;-6258;1488;0.2;0.05;0.039;252.3885893
47;D;BH-00392;12.09.2021;-7.4469676;-6246;1522;0.19;0.09;0.0384;216.3330765
48;D;BH-00392;12.09.2021;-5.9434521;-6234;1556;0.18;0.14;0.0393;180.2775638
49;D;BH-00392;12.09.2021;-7.5924691;-6222;1590;0.15;0.15;0.0393;144.222051
50;D;BH-00392;12.09.2021;-7.4275674;-6210;1624;0.19;0.08;0.0407;108.1665383
51;D;BH-00392;12.09.2021;-8.0871742;-6198;1658;0.2;0.06;0.0398;72.11102551
52;D;BH-00392;12.09.2021;-7.8640719;-6186;1692;0.19;0.16;0.0394;36.05551275
53;D;core;12.09.2021;-8.1259746;-6174;1726;0.19;0.13;0.038;0
1;E;margin;12.09.2021;NA;-5600;2798;0.23;0.13;0.0395;1433.602804
2;E;BH-00398;12.09.2021;-6.0695534;-5566;2805;0.18;0.08;0.035;1398.891704
3;E;BH-00398;12.09.2021;-4.6048383;-5532;2812;0.14;0.24;0.0388;1364.180707
4;E;BH-00398;12.09.2021;-6.7194601;-5498;2819;0.17;0.06;0.0409;1329.469819
5;E;BH-00398;12.09.2021;-8.1744751;-5464;2827;0.19;0.07;0.0425;1294.546253
6;E;BH-00398;12.09.2021;-6.5933588;-5430;2834;0.18;0.09;0.0388;1259.835307
7;E;BH-00398;12.09.2021;-7.1462645;-5396;2842;0.21;0.15;0.0372;1224.911834
8;E;BH-00398;12.09.2021;-8.3684771;-5362;2849;0.21;0.09;0.0365;1190.200823
9;E;BH-00398;12.09.2021;-7.4760679;-5328;2857;0.18;0.3;0.038;1155.277456
10;E;BH-00398;12.09.2021;-6.0501532;-5294;2864;0.2;0.12;0.0359;1120.566375
11;E;BH-00398;12.09.2021;-7.0589636;-5260;2871;0.13;0.13;0.0347;1085.855423
12;E;BH-00398;12.09.2021;-8.1065744;-5226;2879;0.2;0.06;0.04;1050.931967
13;E;BH-00398;12.09.2021;-5.6912495;-5192;2886;0.19;0.05;0.0356;1016.220941
14;E;BH-00398;12.09.2021;-7.1268643;-5158;2894;0.18;0.15;0.035;981.2976103
15;E;BH-00398;12.09.2021;-7.6506697;-5124;2901;0.17;0.08;0.0365;946.586499
16;E;BH-00398;12.09.2021;-8.455778;-5090;2909;0.21;0.16;0.0367;911.663315
17;E;BH-00398;12.09.2021;-7.7864711;-5056;2916;0.2;0.11;0.0368;876.9521082
18;E;BH-00398;12.09.2021;-8.6982805;-5022;2924;0.29;0.17;0.039;842.0290969
19;E;BH-00398;12.09.2021;-7.2626657;-4988;2931;0.22;0.04;0.0407;807.3177813
20;E;BH-00398;12.09.2021;-6.1762545;-4954;2938;0.2;0.03;0.0366;772.6066269
21;E;BH-00398;12.09.2021;-7.8640719;-4920;2946;0.15;0.08;0.0352;737.6835365
22;E;BH-00398;12.09.2021;-8.0483738;-4886;2953;0.24;0.11;0.0355;702.9722612
23;E;BH-00398;12.09.2021;-7.3596667;-4852;2961;0.18;0.08;0.036;668.0493994
24;E;BH-00398;12.09.2021;-8.1744751;-4818;2968;0.2;0.14;0.0368;633.3379824
25;E;BH-00398;12.09.2021;-8.8340819;-4784;2976;0.16;0.05;0.036;598.4154076
26;E;BH-00398;12.09.2021;-8.8243818;-4750;2983;0.18;0.07;0.0348;563.7038229
27;E;BH-00398;12.09.2021;-9.5518893;-4716;2991;0.17;0.23;0.0436;528.7816184
28;E;BH-00398;12.09.2021;-8.1065744;-4682;2998;0.14;0.09;0.0378;494.0698331
29;E;BH-00398;12.09.2021;-9.037784;-4648;3005;0.24;0.06;0.0386;459.358248
30;E;BH-00398;12.09.2021;-7.8834721;-4614;3013;0.16;0.08;0.0395;424.4360965
31;E;BH-00398;12.09.2021;-6.1665544;-4580;3020;0.23;0.06;0.0374;389.7242615
32;E;BH-00398;12.09.2021;-7.6700699;-4546;3028;0.23;0.07;0.0392;354.8027621
33;E;BH-00398;12.09.2021;-7.5051682;-4512;3035;0.2;0.13;0.0371;320.0906122
34;E;BH-00398;12.09.2021;-7.7282705;-4478;3043;0.21;0.08;0.0368;285.1701247
35;E;BH-00398;12.09.2021;-7.388767;-4444;3050;0.2;0.07;0.0385;250.4575812
36;E;BH-00398;12.09.2021;-7.5342685;-4409;3058;0.17;0.1;0.0396;214.5600149
37;E;BH-00398;12.09.2021;-7.8252715;-4374;3065;0.23;0.14;0.0389;178.8686669
38;E;BH-00398;12.09.2021;-9.4839886;-4339;3072;0.24;0.14;0.0407;143.1782106
39;E;BH-00398;12.09.2021;-9.7458913;-4304;3080;0.18;0.14;0.0416;107.2800075
40;E;BH-00398;12.09.2021;-9.4354881;-4269;3087;0.16;0.1;0.0402;71.58910532
41;E;BH-00398;12.09.2021;-9.4548883;-4234;3095;0.21;0.05;0.0402;35.6931366
42;E;core;12.09.2021;-9.9980939;-4199;3102;0.22;0.09;0.0395;0
1;F;margin;12.09.2021;-7.6894701;-6765;-3086;0.19;0.19;0.0372;1084.149436
2;F;BH-00405;12.09.2021;-7.7961712;-6770;-3051;0.18;0.19;0.0367;1048.794546
3;F;BH-00405;12.09.2021;-7.6991702;-6775;-3016;0.19;0.07;0.038;1013.439687
4;F;BH-00405;12.09.2021;-6.8358613;-6780;-2981;0.13;0.1;0.0367;978.0848634
5;F;BH-00405;12.09.2021;-4.3623358;-6785;-2946;0.2;0.08;0.0377;942.730078
6;F;BH-00405;12.09.2021;-4.8570409;-6790;-2911;0.21;0.13;0.0383;907.3753358
7;F;BH-00405;12.09.2021;-5.6136487;-6795;-2876;0.2;0.14;0.0368;872.020642
8;F;BH-00405;12.09.2021;-6.806761;-6800;-2840;0.18;0.06;0.0395;835.6751761
9;F;BH-00405;12.09.2021;-7.4760679;-6805;-2804;0.17;0.09;0.0377;799.3297192
10;F;BH-00405;12.09.2021;-8.7564811;-6810;-2768;0.14;0.1;0.0323;762.9842724
11;F;BH-00405;12.09.2021;-9.2026857;-6815;-2732;0.21;0.11;0.0378;726.6388374
12;F;BH-00405;12.09.2021;-7.8931722;-6820;-2696;0.16;0.15;0.0354;690.2934159
13;F;BH-00405;12.09.2021;-8.358777;-6825;-2660;0.17;0.13;0.0344;653.9480102
14;F;BH-00405;12.09.2021;-8.8728823;-6830;-2624;0.22;0.16;0.0347;617.6026231
15;F;BH-00405;12.09.2021;-8.4169776;-6835;-2588;0.16;0.1;0.0363;581.257258
16;F;BH-00405;12.09.2021;-8.7661812;-6840;-2552;0.23;0.08;0.0374;544.9119195
17;F;BH-00405;12.09.2021;-8.7370809;-6845;-2516;0.17;0.04;0.0414;508.5666131
18;F;BH-00405;12.09.2021;-8.5721792;-6850;-2480;0.27;0.1;0.0412;472.2213464
19;F;BH-00405;12.09.2021;-7.0686637;-6855;-2444;0.16;0.08;0.0383;435.8761292
20;F;BH-00405;12.09.2021;-7.1850649;-6860;-2408;0.16;0.05;0.0367;399.530975
21;F;BH-00405;12.09.2021;-8.5236787;-6865;-2372;0.18;0.04;0.0398;363.1859028
22;F;BH-00405;12.09.2021;-8.843782;-6870;-2336;0.16;0.27;0.0403;326.8409399
23;F;BH-00405;12.09.2021;-9.1056847;-6875;-2300;0.14;0.11;0.0386;290.4961273
24;F;BH-00405;12.09.2021;-9.4160879;-6880;-2264;0.2;0.05;0.0405;254.1515296
25;F;BH-00405;12.09.2021;-8.8631822;-6885;-2228;0.2;0.06;0.042;217.8072542
26;F;BH-00405;12.09.2021;-8.5236787;-6890;-2192;0.17;0.09;0.0384;181.463495
27;F;BH-00405;12.09.2021;-8.9310829;-6895;-2156;0.15;0.2;0.039;145.1206395
28;F;BH-00405;12.09.2021;-8.7952815;-6900;-2120;0.18;0.14;0.0393;108.7795937
29;F;BH-00405;12.09.2021;-9.134785;-6905;-2084;0.15;0.1;0.0404;72.44308111
30;F;BH-00405;12.09.2021;-9.4936887;-6909;-2048;0.23;0.12;0.0403;36.22154055
31;F;core;12.09.2021;-8.8534821;-6913;-2012;0.18;0.1;0.0406;0
1;G;margin;12.09.2021;NA;-4696;-6222;0.31;0.16;0.0375;1474.829482
2;G;BH-00411;12.09.2021;-7.3984671;-4693;-6187;0.19;0.04;0.0394;1439.701358
3;G;BH-00411;12.09.2021;-5.5845484;-4690;-6152;0.17;0.1;0.0378;1404.573245
4;G;BH-00411;12.09.2021;-3.9646317;-4687;-6117;0.18;0.06;0.0363;1369.445143
5;G;BH-00411;12.09.2021;-4.8570409;-4684;-6082;0.18;0.05;0.038;1334.317054
6;G;BH-00411;12.09.2021;-4.8473408;-4681;-6047;0.15;0.12;0.0391;1299.188978
7;G;BH-00411;12.09.2021;-6.9231622;-4678;-6012;0.17;0.14;0.0389;1264.060916
8;G;BH-00411;12.09.2021;-7.8446717;-4675;-5977;0.21;0.08;0.0385;1228.93287
9;G;BH-00411;12.09.2021;-5.7300499;-4672;-5941;0.2;0.13;0.0388;1192.80887
10;G;BH-00411;12.09.2021;-7.8252715;-4669;-5905;0.22;0.07;0.0427;1156.684918
11;G;BH-00411;12.09.2021;-6.2344551;-4666;-5869;0.19;0.21;0.042;1120.56102
12;G;BH-00411;12.09.2021;-7.6021692;-4663;-5833;0.2;0.17;0.0414;1084.437181
13;G;BH-00411;12.09.2021;-7.9998733;-4660;-5797;0.2;0.06;0.043;1048.313407
14;G;BH-00411;12.09.2021;-7.000763;-4657;-5761;0.17;0.05;0.0429;1012.189706
15;G;BH-00411;12.09.2021;-7.7476707;-4654;-5725;0.26;0.12;0.0436;976.0660838
16;G;BH-00411;12.09.2021;-7.1074641;-4651;-5689;0.17;0.2;0.0406;939.9425514
17;G;BH-00411;12.09.2021;-7.4954681;-4648;-5653;0.23;0.1;0.0397;903.8191191
18;G;BH-00411;12.09.2021;-6.5545584;-4645;-5617;0.24;0.14;0.0398;867.6957992
19;G;BH-00411;12.09.2021;-4.1489336;-4642;-5581;0.2;0.14;0.0413;831.5726066
20;G;BH-00411;12.09.2021;-3.9549316;-4639;-5545;0.2;0.12;0.0425;795.4495584
21;G;BH-00411;12.09.2021;-5.1965444;-4636;-5509;0.18;0.13;0.0416;759.3266754
22;G;BH-00411;12.09.2021;-6.3411562;-4633;-5473;0.13;0.19;0.0435;723.2039823
23;G;BH-00411;12.09.2021;-6.7970609;-4630;-5437;0.21;0.11;0.0421;687.081509
24;G;BH-00411;12.09.2021;-6.3120559;-4627;-5401;0.2;0.12;0.0417;650.9592921
25;G;BH-00411;12.09.2021;-6.9619626;-4624;-5365;0.19;0.1;0.0432;614.8373769
26;G;BH-00411;12.09.2021;-7.67977;-4621;-5329;0.21;0.16;0.0429;578.7158197
27;G;BH-00411;12.09.2021;-7.776771;-4618;-5293;0.17;0.16;0.045;542.5946922
28;G;BH-00411;12.09.2021;-7.2529656;-4615;-5257;0.18;0.12;0.0434;506.4740862
29;G;BH-00411;12.09.2021;-7.3596667;-4612;-5221;0.23;0.07;0.0436;470.3541219
30;G;BH-00411;12.09.2021;-7.5051682;-4609;-5185;0.17;0.16;0.0434;434.2349594
31;G;BH-00411;12.09.2021;-8.1744751;-4606;-5149;0.22;0.08;0.0442;398.116817
32;G;BH-00411;12.09.2021;-9.3869876;-4603;-5113;0.19;0.04;0.0447;362
33;G;BH-00411;12.09.2021;-8.9795834;-4600;-5077;0.27;0.05;0.0447;325.884949
34;G;BH-00411;12.09.2021;-9.0765844;-4597;-5041;0.17;0.05;0.0459;289.7723244
35;G;BH-00411;12.09.2021;-8.2035754;-4593;-5005;0.22;0.07;0.044;253.5507839
36;G;BH-00411;12.09.2021;-7.8834721;-4589;-4969;0.24;0.08;0.0428;217.3292433
37;G;BH-00411;12.09.2021;-5.7009496;-4585;-4933;0.19;0.13;0.0412;181.1077028
38;G;BH-00411;12.09.2021;-7.8058713;-4581;-4897;0.23;0.06;0.0418;144.8861622
39;G;BH-00411;12.09.2021;-8.3975774;-4577;-4861;0.18;0.07;0.0448;108.6646217
40;G;BH-00411;12.09.2021;-8.0483738;-4573;-4825;0.2;0.04;0.0399;72.44308111
41;G;BH-00411;12.09.2021;-9.2608863;-4569;-4789;0.19;0.06;0.0398;36.22154055
42;G;core;12.09.2021;-9.6391902;-4565;-4753;0.22;0.07;0.0407;0
1;H;margin;12.09.2021;NA;-4810;-179;2.16;1.05;0.0974;1906.322376
2;H;BH-00418;12.09.2021;-6.8455614;-4789;-207;0.14;0.19;0.0289;1871.324665
3;H;BH-00418;12.09.2021;-5.6815494;-4768;-235;0.19;0.16;0.0343;1836.327041
4;H;BH-00418;12.09.2021;-5.0025424;-4747;-263;0.18;0.11;0.0314;1801.329509
5;H;BH-00418;12.09.2021;-6.0210529;-4726;-291;0.14;0.1;0.0336;1766.332075
6;H;BH-00418;12.09.2021;-6.8940619;-4705;-319;0.21;0.42;0.0315;1731.334745
7;H;BH-00418;12.09.2021;-7.8349716;-4684;-347;0.15;0.11;0.0339;1696.337525
8;H;BH-00418;12.09.2021;-6.9522625;-4663;-375;0.23;0.11;0.0349;1661.340423
9;H;BH-00418;12.09.2021;-4.5563378;-4642;-403;0.2;0.11;0.0345;1626.343445
10;H;BH-00418;12.09.2021;-5.73975;-4621;-431;0.14;0.08;0.0342;1591.3466
11;H;BH-00418;12.09.2021;-6.9910629;-4600;-459;0.2;0.21;0.034;1556.349896
12;H;BH-00418;12.09.2021;-7.0492635;-4579;-487;0.22;0.06;0.0332;1521.353345
13;H;BH-00418;12.09.2021;-6.6030589;-4558;-515;0.17;0.04;0.0378;1486.356956
14;H;BH-00418;12.09.2021;-5.836751;-4537;-543;0.19;0.21;0.0388;1451.360741
15;H;BH-00418;12.09.2021;-4.6921392;-4516;-571;0.18;0.1;0.0384;1416.364713
16;H;BH-00418;12.09.2021;-6.8843618;-4495;-599;0.15;0.1;0.0345;1381.368886
17;H;BH-00418;12.09.2021;-7.1462645;-4474;-627;0.21;0.14;0.0353;1346.373277
18;H;BH-00418;12.09.2021;-6.6418593;-4453;-655;0.22;0.06;0.0338;1311.377901
19;H;BH-00418;12.09.2021;-8.261776;-4397;-648;0.17;0.23;0.035;1283.492501
20;H;BH-00418;12.09.2021;-7.3208663;-4411;-711;0.16;0.08;0.0356;1241.387933
21;H;BH-00418;12.09.2021;-7.0880639;-4390;-739;0.11;0.16;0.0381;1206.393385
22;H;BH-00418;12.09.2021;-6.0016527;-4369;-767;0.18;0.14;0.0415;1171.399163
23;H;BH-00418;12.09.2021;-6.5739586;-4348;-795;0.19;0.16;0.0429;1136.405297
24;H;BH-00418;12.09.2021;-6.6612595;-4327;-823;0.21;0.06;0.0385;1101.411821
25;H;BH-00418;12.09.2021;-7.1171642;-4306;-851;0.17;0.04;0.0385;1066.418773
26;H;BH-00418;12.09.2021;-7.3596667;-4285;-879;0.19;0.1;0.0367;1031.426197
27;H;BH-00418;12.09.2021;-7.1559646;-4264;-907;0.21;0.14;0.0396;996.4341423
28;H;BH-00418;12.09.2021;-6.9231622;-4243;-935;0.18;0.16;0.0398;961.442666
29;H;BH-00418;12.09.2021;-6.7000599;-4221;-963;0.14;0.19;0.0402;925.8336784
30;H;BH-00418;12.09.2021;-6.3411562;-4199;-991;0.17;0.24;0.0409;890.2246907
31;H;BH-00418;12.09.2021;-6.6418593;-4177;-1019;0.21;0.19;0.0414;854.6157031
32;H;BH-00418;12.09.2021;-7.3499666;-4155;-1047;0.18;0.05;0.0416;819.0067155
33;H;BH-00418;12.09.2021;-7.2044651;-4133;-1075;0.19;0.07;0.0409;783.3977278
34;H;BH-00418;12.09.2021;-7.2820659;-4111;-1103;0.18;0.11;0.0388;747.7887402
35;H;BH-00418;12.09.2021;-7.9416727;-4089;-1131;0.24;0.09;0.0383;712.1797526
36;H;BH-00418;12.09.2021;-7.9222725;-4067;-1159;0.18;0.06;0.0388;676.570765
37;H;BH-00418;12.09.2021;-7.8252715;-4045;-1187;0.24;0.11;0.0396;640.9617773
38;H;BH-00418;12.09.2021;-7.3693668;-4023;-1215;0.16;0.08;0.0411;605.3527897
39;H;BH-00418;12.09.2021;-7.6894701;-4001;-1243;0.19;0.06;0.0422;569.7438021
40;H;BH-00418;12.09.2021;-7.9222725;-3979;-1271;0.2;0.08;0.0435;534.1348144
41;H;BH-00418;12.09.2021;-8.2229756;-3957;-1299;0.23;0.12;0.0422;498.5258268
42;H;BH-00418;12.09.2021;-6.9328623;-3935;-1327;0.16;0.08;0.0432;462.9168392
43;H;BH-00418;12.09.2021;-7.1753648;-3913;-1355;0.21;0.11;0.0427;427.3078516
44;H;BH-00418;12.09.2021;-6.1665544;-3891;-1383;0.19;0.06;0.0408;391.6988639
45;H;BH-00418;12.09.2021;-7.4372675;-3869;-1411;0.21;0.04;0.0411;356.0898763
46;H;BH-00418;12.09.2021;-7.6506697;-3847;-1439;0.19;0.1;0.0418;320.4808887
47;H;BH-00418;12.09.2021;-7.9416727;-3825;-1467;0.22;0.07;0.0427;284.871901
48;H;BH-00418;12.09.2021;-6.9328623;-3803;-1495;0.18;0.06;0.0427;249.2629134
49;H;BH-00418;12.09.2021;-7.8640719;-3781;-1523;0.2;0.04;0.041;213.6539258
50;H;BH-00418;12.09.2021;-8.5042785;-3759;-1551;0.22;0.06;0.0408;178.0449381
51;H;BH-00418;12.09.2021;-8.3781772;-3737;-1579;0.17;0.05;0.0413;142.4359505
52;H;BH-00418;12.09.2021;-8.552779;-3715;-1607;0.21;0.05;0.0435;106.8269629
53;H;BH-00418;12.09.2021;-7.6603698;-3693;-1635;0.15;0.06;0.043;71.21797526
54;H;BH-00418;12.09.2021;-7.6506697;-3671;-1663;0.2;0.17;0.0407;35.60898763
55;H;core;12.09.2021;-8.0095734;-3649;-1691;0.24;0.08;0.0397;0
1;I;margin;13.09.2021;-6.9619626;-2897;-7038;0.21;0.2;0.0376;2117.578098
2;I;BH-00419;13.09.2021;-7.0298633;-2870;-7017;0.2;0.09;0.0291;2083.374426
3;I;BH-00419;13.09.2021;-7.5245684;-2843;-6996;0.21;0.08;0.0306;2049.170808
4;I;BH-00419;13.09.2021;-5.3032455;-2816;-6975;0.16;0.09;0.0297;2014.967245
5;I;BH-00419;13.09.2021;-6.4866577;-2789;-6954;0.14;0.21;0.0289;1980.763742
6;I;BH-00419;13.09.2021;-6.9425624;-2762;-6932;0.19;0.06;0.0295;1945.938334
7;I;BH-00419;13.09.2021;-4.4690369;-2735;-6910;0.18;0.4;0.0294;1911.113026
8;I;BH-00419;13.09.2021;-6.7194601;-2708;-6888;0.21;0.07;0.0291;1876.287824
9;I;BH-00419;13.09.2021;-7.1268643;-2681;-6866;0.17;0.1;0.0285;1841.462734
10;I;BH-00419;13.09.2021;-7.0880639;-2654;-6844;0.18;0.28;0.0314;1806.637761
11;I;BH-00419;13.09.2021;-5.2838453;-2627;-6822;0.19;0.23;0.0299;1771.812913
12;I;BH-00419;13.09.2021;-5.545748;-2600;-6800;0.18;0.09;0.0297;1736.988198
13;I;BH-00419;13.09.2021;-6.0404531;-2573;-6778;0.2;0.2;0.0306;1702.163623
14;I;BH-00419;13.09.2021;-7.5342685;-2546;-6756;0.19;0.04;0.0296;1667.339198
15;I;BH-00419;13.09.2021;-6.4769576;-2519;-6734;0.15;0.31;0.031;1632.514931
16;I;BH-00419;13.09.2021;-4.9152415;-2492;-6712;0.19;0.04;0.0291;1597.690834
17;I;BH-00419;13.09.2021;-5.6912495;-2465;-6690;0.2;0.1;0.0319;1562.866917
18;I;BH-00419;13.09.2021;-7.582769;-2438;-6668;0.2;0.1;0.0287;1528.043193
19;I;BH-00419;13.09.2021;-8.9698833;-2411;-6646;0.14;0.25;0.0304;1493.219676
20;I;BH-00419;13.09.2021;-8.5236787;-2384;-6624;0.19;0.14;0.0355;1458.39638
21;I;BH-00419;13.09.2021;-5.8561512;-2357;-6602;0.2;0.07;0.0323;1423.573321
22;I;BH-00419;13.09.2021;-5.642749;-2330;-6580;0.18;0.06;0.0319;1388.750518
23;I;BH-00419;13.09.2021;-7.5924691;-2302;-6558;0.21;0.11;0.0326;1353.14153
24;I;BH-00419;13.09.2021;;-2274;-6536;0.16;0.15;0.0295;1317.532542
25;I;BH-00419;13.09.2021;;-2246;-6514;0.27;0.12;0.0346;1281.923555
26;I;BH-00419;13.09.2021;-8.3102765;-2218;-6492;0.17;0.05;0.0357;1246.314567
27;I;BH-00419;13.09.2021;-5.4681472;-2190;-6470;0.18;0.1;0.0337;1210.705579
28;I;BH-00419;13.09.2021;-6.8843618;-2162;-6448;0.19;0.19;0.0353;1175.096592
29;I;BH-00419;13.09.2021;-8.1259746;-2134;-6426;0.18;0.11;0.0354;1139.487604
30;I;BH-00419;13.09.2021;-7.7379706;-2106;-6404;0.2;0.13;0.0376;1103.878617
31;I;BH-00419;13.09.2021;-6.2150549;-2078;-6382;0.18;0.22;0.036;1068.269629
32;I;BH-00419;13.09.2021;-7.0492635;-2050;-6360;0.17;0.16;0.0386;1032.660641
33;I;BH-00419;13.09.2021;-8.0192735;-2022;-6338;0.16;0.21;0.0347;997.0516536
34;I;BH-00419;13.09.2021;-8.2229756;-1994;-6316;0.16;0.2;0.0357;961.442666
35;I;BH-00419;13.09.2021;-7.6894701;-1966;-6294;0.13;0.14;0.0383;925.8336784
36;I;BH-00419;13.09.2021;-7.3208663;-1938;-6272;0.2;0.17;0.0386;890.2246907
37;I;BH-00419;13.09.2021;-5.6233488;-1910;-6250;0.13;0.17;0.0368;854.6157031
38;I;BH-00419;13.09.2021;-7.3790669;-1882;-6228;0.16;0.17;0.0386;819.0067155
39;I;BH-00419;13.09.2021;-7.4469676;-1854;-6206;0.16;0.16;0.0356;783.3977278
40;I;BH-00419;13.09.2021;-8.5624791;-1826;-6184;0.14;0.18;0.0334;747.7887402
41;I;BH-00419;13.09.2021;-7.8640719;-1798;-6162;0.24;0.05;0.0374;712.1797526
42;I;BH-00419;13.09.2021;-6.9910629;-1770;-6140;0.14;0.13;0.0389;676.570765
43;I;BH-00419;13.09.2021;-5.1480439;-1742;-6118;0.19;0.14;0.0368;640.9617773
44;I;BH-00419;13.09.2021;-6.5060579;-1714;-6096;0.19;0.12;0.0384;605.3527897
45;I;BH-00419;13.09.2021;-7.0201632;-1686;-6074;0.18;0.08;0.0361;569.7438021
46;I;BH-00419;13.09.2021;-7.6215694;-1658;-6052;0.12;0.12;0.0373;534.1348144
47;I;BH-00419;13.09.2021;-7.3596667;-1630;-6030;0.16;0.17;0.0369;498.5258268
48;I;BH-00419;13.09.2021;-7.2626657;-1602;-6008;0.16;0.09;0.0403;462.9168392
49;I;BH-00419;13.09.2021;-6.8649616;-1574;-5986;0.18;0.05;0.0402;427.3078516
50;I;BH-00419;13.09.2021;-7.0298633;-1546;-5964;0.14;0.1;0.0403;391.6988639
51;I;BH-00419;13.09.2021;-5.351746;-1518;-5942;0.18;0.06;0.0369;356.0898763
52;I;BH-00419;13.09.2021;-5.9725524;-1490;-5920;0.16;0.16;0.0394;320.4808887
53;I;BH-00419;13.09.2021;-7.0104631;-1462;-5898;0.17;0.13;0.038;284.871901
54;I;BH-00419;13.09.2021;-6.9813628;-1434;-5876;0.2;0.06;0.0386;249.2629134
55;I;BH-00419;13.09.2021;-7.6506697;-1406;-5854;0.14;0.14;0.0393;213.6539258
56;I;BH-00419;13.09.2021;-7.7961712;-1378;-5832;0.21;0.1;0.0395;178.0449381
57;I;BH-00419;13.09.2021;-7.8446717;-1350;-5810;0.15;0.12;0.0395;142.4359505
58;I;BH-00419;13.09.2021;-8.2035754;-1322;-5788;0.18;0.13;0.0397;106.8269629
59;I;BH-00419;13.09.2021;-8.2423758;-1294;-5766;0.2;0.09;0.0382;71.21797526
60;I;BH-00419;13.09.2021;-7.8543718;-1266;-5744;0.14;0.05;0.036;35.60898763
61;I;core;13.09.2021;-7.3693668;-1238;-5722;0.18;0.09;0.0354;0
1;J;margin;13.09.2021;-2.0731122;5500;-2810;0.16;0.08;0.0355;1552.348543
2;J;BH-01767;13.09.2021;-0.8605997;5484;-2841;0.18;0.11;0.0346;1517.471911
3;J;BH-01767;13.09.2021;-2.1022125;5468;-2872;0.17;0.08;0.0342;1482.595697
4;J;BH-01767;13.09.2021;-1.5881072;5453;-2903;0.18;0.19;0.0335;1448.15745
5;J;BH-01767;13.09.2021;-3.1983238;5438;-2934;0.19;0.11;0.0328;1413.719208
6;J;BH-01767;13.09.2021;-3.4311262;5423;-2965;0.17;0.21;0.0337;1379.280972
7;J;BH-01767;13.09.2021;-1.0546017;5408;-2996;0.17;0.08;0.0334;1344.842742
8;J;BH-01767;13.09.2021;-2.8200199;5393;-3027;0.14;0.1;0.035;1310.404518
9;J;BH-01767;13.09.2021;-2.8006197;5378;-3058;0.2;0.06;0.0338;1275.9663
10;J;BH-01767;13.09.2021;-1.956711;5363;-3089;0.19;0.08;0.0334;1241.528091
11;J;BH-01767;13.09.2021;-2.6745184;5348;-3120;0.16;0.05;0.0336;1207.089889
12;J;BH-01767;13.09.2021;-3.1789236;5332;-3151;0.21;0.05;0.0346;1172.213718
13;J;BH-01767;13.09.2021;-2.0149116;5317;-3182;0.17;0.06;0.0338;1137.775461
14;J;BH-01767;13.09.2021;-3.3535254;5302;-3213;0.2;0.12;0.0339;1103.33721
15;J;BH-01767;13.09.2021;-3.7318293;5287;-3244;0.13;0.15;0.0353;1068.898966
16;J;BH-01767;13.09.2021;-3.4408263;5272;-3275;0.21;0.14;0.0327;1034.460729
17;J;BH-01767;13.09.2021;-1.8694101;5257;-3306;0.17;0.11;0.032;1000.0225
18;J;BH-01767;13.09.2021;-3.3438253;5242;-3337;0.16;0.07;0.0342;965.5842791
19;J;BH-01767;13.09.2021;-4.5369376;5227;-3368;0.18;0.07;0.0319;931.146068
20;J;BH-01767;13.09.2021;-3.896731;5212;-3399;0.24;0.06;0.0356;896.7078677
21;J;BH-01767;13.09.2021;-4.2362345;5197;-3430;0.19;0.14;0.0374;862.2696794
22;J;BH-01767;13.09.2021;-2.635718;5181;-3461;0.14;0.17;0.0365;827.3934977
23;J;BH-01767;13.09.2021;-4.4011362;5166;-3492;0.2;0.09;0.037;792.955232
24;J;BH-01767;13.09.2021;-4.8473408;5151;-3523;0.21;0.05;0.0362;758.5169741
25;J;BH-01767;13.09.2021;-5.0316427;5136;-3554;0.21;0.05;0.0347;724.078725
26;J;BH-01767;13.09.2021;-4.478737;5121;-3585;0.17;0.09;0.0359;689.6404861
27;J;BH-01767;13.09.2021;-1.6851082;5106;-3616;0.2;0.16;0.0377;655.2022588
28;J;BH-01767;13.09.2021;-3.120723;5091;-3647;0.17;0.06;0.042;620.7640454
29;J;BH-01767;13.09.2021;-3.9646317;5076;-3678;0.19;0.14;0.0355;586.325848
30;J;BH-01767;13.09.2021;-3.8773308;5061;-3709;0.14;0.12;0.0361;551.8876697
31;J;BH-01767;13.09.2021;-4.0519326;5046;-3740;0.18;0.11;0.0373;517.4495144
32;J;BH-01767;13.09.2021;-3.896731;5030;-3771;0.15;0.12;0.0383;482.5733105
33;J;BH-01767;13.09.2021;-4.0519326;5015;-3802;0.21;0.11;0.0368;448.1350243
34;J;BH-01767;13.09.2021;-4.3138353;5000;-3833;0.15;0.09;0.0378;413.6967488
35;J;BH-01767;13.09.2021;-4.9249416;4985;-3864;0.22;0.09;0.042;379.2584871
36;J;BH-01767;13.09.2021;-1.8694101;4970;-3895;0.19;0.08;0.0409;344.820243
37;J;BH-01767;13.09.2021;-3.1013228;4955;-3926;0.23;0.07;0.0408;310.3820227
38;J;BH-01767;13.09.2021;-3.4214261;4940;-3957;0.19;0.07;0.0404;275.9438349
39;J;BH-01767;13.09.2021;-3.4505264;4925;-3988;0.18;0.06;0.0401;241.5056935
40;J;BH-01767;13.09.2021;-4.1295334;4910;-4019;0.21;0.13;0.0383;207.0676218
41;J;BH-01767;13.09.2021;-4.3914361;4895;-4050;0.15;0.06;0.04;172.6296614
42;J;BH-01767;13.09.2021;-5.254745;4879;-4081;0.18;0.13;0.0465;137.7534029
43;J;BH-01767;13.09.2021;-4.187734;4864;-4112;0.18;0.04;0.0386;103.3150521
44;J;BH-01767;13.09.2021;-3.993732;4849;-4143;0.13;0.04;0.0354;68.87670143
45;J;BH-01767;13.09.2021;-4.1392335;4834;-4174;0.24;0.12;0.04;34.43835072
46;J;core;13.09.2021;-3.7221292;4819;-4205;0.14;0.16;0.0391;0
1;K;margin;13.09.2021;NA;-1278;-4606;1.17;2.62;0.0554;1392.133973
2;K;BH-01772;13.09.2021;-2.7812195;-1251;-4584;0.19;0.09;0.0357;1357.306892
3;K;BH-01772;13.09.2021;-1.4038053;-1224;-4562;0.2;0.07;0.0317;1322.479868
4;K;BH-01772;13.09.2021;-0.9964011;-1197;-4540;0.18;0.12;0.0323;1287.652904
5;K;BH-01772;13.09.2021;-2.4611162;-1170;-4518;0.17;0.07;0.0348;1252.826005
6;K;BH-01772;13.09.2021;-2.5678173;-1143;-4496;0.19;0.07;0.0351;1217.999179
7;K;BH-01772;13.09.2021;-1.9664111;-1116;-4474;0.19;0.12;0.0344;1183.17243
8;K;BH-01772;13.09.2021;-0.1815927;-1088;-4452;0.19;0.11;0.0323;1147.564813
9;K;BH-01772;13.09.2021;-1.6075074;-1060;-4430;0.14;0.19;0.0338;1111.957283
10;K;BH-01772;13.09.2021;-3.4311262;-1032;-4408;0.21;0.13;0.0332;1076.34985
11;K;BH-01772;13.09.2021;-3.3729256;-1004;-4386;0.18;0.04;0.0345;1040.742523
12;K;BH-01772;13.09.2021;-3.3244251;-976;-4364;0.16;0.13;0.0377;1005.135314
13;K;BH-01772;13.09.2021;-0.4240952;-948;-4342;0.23;0.05;0.0336;969.5282358
14;K;BH-01772;13.09.2021;-2.1216127;-920;-4320;0.17;0.15;0.0342;933.9213029
15;K;BH-01772;13.09.2021;-3.2274241;-892;-4298;0.2;0.05;0.0328;898.3145329
16;K;BH-01772;13.09.2021;-2.926721;-864;-4276;0.19;0.13;0.0341;862.7079459
17;K;BH-01772;13.09.2021;-1.8403098;-836;-4254;0.12;0.08;0.0361;827.1015657
18;K;BH-01772;13.09.2021;-1.5008063;-808;-4232;0.15;0.09;0.0367;791.4954201
19;K;BH-01772;13.09.2021;-2.9558213;-780;-4210;0.19;0.14;0.0352;755.8895422
20;K;BH-01772;13.09.2021;-3.0043218;-752;-4188;0.21;0.19;0.0351;720.2839718
21;K;BH-01772;13.09.2021;-3.896731;-724;-4166;0.22;0.06;0.0376;684.6787568
22;K;BH-01772;13.09.2021;-4.0616327;-696;-4144;0.16;0.14;0.0375;649.0739557
23;K;BH-01772;13.09.2021;-4.0810329;-668;-4122;0.13;0.12;0.0374;613.4696407
24;K;BH-01772;13.09.2021;-4.7600399;-640;-4100;0.15;0.05;0.0379;577.8659014
25;K;BH-01772;13.09.2021;-3.5960279;-612;-4078;0.18;0.13;0.0404;542.2628514
26;K;BH-01772;13.09.2021;-1.9470109;-584;-4056;0.14;0.11;0.0385;506.6606359
27;K;BH-01772;13.09.2021;-1.7724091;-556;-4034;0.17;0.2;0.0391;471.0594442
28;K;BH-01772;13.09.2021;-2.9073208;-528;-4011;0.16;0.26;0.0405;434.8241024
29;K;BH-01772;13.09.2021;-3.9355314;-500;-3988;0.18;0.14;0.0413;398.5887605
30;K;BH-01772;13.09.2021;-4.4981372;-472;-3965;0.23;0.11;0.0403;362.3534186
31;K;BH-01772;13.09.2021;-4.3526357;-444;-3942;0.19;0.12;0.0405;326.1180768
32;K;BH-01772;13.09.2021;-4.4302365;-416;-3919;0.19;0.08;0.0412;289.8827349
33;K;BH-01772;13.09.2021;-4.1683338;-388;-3896;0.21;0.15;0.0412;253.647393
34;K;BH-01772;13.09.2021;-4.4011362;-360;-3873;0.15;0.1;0.0412;217.4120512
35;K;BH-01772;13.09.2021;-4.7309396;-332;-3850;0.19;0.04;0.0447;181.1767093
36;K;BH-01772;13.09.2021;-4.6630389;-304;-3827;0.23;0.11;0.0423;144.9413675
37;K;BH-01772;13.09.2021;-4.6242385;-276;-3804;0.17;0.04;0.0404;108.7060256
38;K;BH-01772;13.09.2021;-4.7503398;-248;-3781;0.18;0.02;0.0403;72.47068373
39;K;BH-01772;13.09.2021;-4.4108363;-220;-3758;0.2;0.13;0.0381;36.23534186
40;K;core;13.09.2021;-4.8279406;-192;-3735;0.18;0.11;0.0371;0
1;L;margin;13.09.2021;-1.2680039;5741;-411;0.24;0.2;0.0342;1371.849846
2;L;BH-01774;13.09.2021;-2.4999166;5717;-437;0.12;0.08;0.0364;1336.466984
3;L;BH-01774;13.09.2021;-1.8791102;5693;-463;0.21;0.06;0.035;1301.084163
4;L;BH-01774;13.09.2021;-0.2591935;5669;-489;0.16;0.1;0.0342;1265.701387
5;L;BH-01774;14.09.2021;-0.9285004;5645;-515;0.23;0.06;0.0358;1230.318658
6;L;BH-01774;14.09.2021;-2.2865144;5622;-541;0.17;0.06;0.0351;1195.60905
7;L;BH-01774;14.09.2021;-2.3253148;5598;-567;0.15;0.09;0.0355;1160.226271
8;L;BH-01774;14.09.2021;-2.247714;5574;-593;0.14;0.16;0.038;1124.843545
9;L;BH-01774;14.09.2021;-2.8685204;5551;-619;0.18;0.1;0.035;1090.133937
10;L;BH-01774;14.09.2021;-2.0343118;5527;-645;0.19;0.14;0.0386;1054.751155
11;L;BH-01774;14.09.2021;-1.4814061;5503;-671;0.21;0.13;0.0383;1019.368432
12;L;BH-01774;14.09.2021;-2.7812195;5480;-697;0.19;0.13;0.036;984.6588242
13;L;BH-01774;14.09.2021;-3.1304231;5456;-723;0.17;0.06;0.0324;949.2760399
14;L;BH-01774;14.09.2021;-3.5281272;5432;-749;0.2;0.05;0.0345;913.8933198
15;L;BH-01774;14.09.2021;-3.2371242;5409;-775;0.2;0.08;0.0372;879.1837123
16;L;BH-01774;14.09.2021;-3.4602265;5385;-801;0.18;0.16;0.0393;843.8009244
17;L;BH-01774;14.09.2021;-3.2856247;5361;-827;0.16;0.18;0.041;808.4182086
18;L;BH-01774;14.09.2021;-0.9576007;5338;-853;0.18;0.07;0.0397;773.7086015
19;L;BH-01774;14.09.2021;-2.4708163;5314;-879;0.14;0.12;0.0381;738.3258088
20;L;BH-01774;14.09.2021;-3.3923258;5290;-905;0.18;0.19;0.0357;702.9430987
21;L;BH-01774;14.09.2021;-3.1013228;5267;-931;0.16;0.05;0.0372;668.2334921
22;L;BH-01774;14.09.2021;-2.9655214;5243;-957;0.19;0.05;0.038;632.8506933
23;L;BH-01774;14.09.2021;-3.3826257;5219;-983;0.2;0.04;0.0385;597.4679908
24;L;BH-01774;14.09.2021;-3.3923258;5196;-1009;0.18;0.21;0.0416;562.7583851
25;L;BH-01774;14.09.2021;-1.665708;5172;-1035;0.19;0.06;0.036;527.3755777
26;L;BH-01774;14.09.2021;-1.9179106;5148;-1061;0.17;0.14;0.0405;491.9928861
27;L;BH-01774;14.09.2021;-3.3826257;5125;-1087;0.17;0.11;0.0418;457.283282
28;L;BH-01774;14.09.2021;-3.4020259;5101;-1113;0.17;0.07;0.0405;421.9004622
29;L;BH-01774;14.09.2021;-3.9549316;5077;-1139;0.16;0.15;0.042;386.5177874
30;L;BH-01774;14.09.2021;-3.5475274;5054;-1165;0.22;0.08;0.0422;351.8081864
31;L;BH-01774;14.09.2021;-3.4796267;5030;-1191;0.2;0.07;0.0441;316.4253466
32;L;BH-01774;14.09.2021;-4.672739;5006;-1217;0.26;0.06;0.0471;281.0427014
33;L;BH-01774;14.09.2021;-4.2944351;4982;-1243;0.16;0.06;0.0477;245.6603346
34;L;BH-01774;14.09.2021;-4.7309396;4959;-1269;0.15;0.05;0.0478;210.9502311
35;L;BH-01774;14.09.2021;-4.4108363;4935;-1295;0.23;0.05;0.0467;175.5676508
36;L;BH-01774;14.09.2021;-4.6145384;4911;-1321;0.2;0.05;0.0456;140.1855913
37;L;BH-01774;14.09.2021;-5.0219426;4888;-1347;0.21;0.04;0.045;105.4751155
38;L;BH-01774;14.09.2021;-4.9831422;4864;-1373;0.19;0.08;0.0463;70.09279564
39;L;BH-01774;14.09.2021;-4.5660379;4840;-1399;0.21;0.35;0.0477;34.71310992
40;L;core;14.09.2021;-4.3332355;4817;-1425;0.21;0.1;0.0452;0
1;M;margin;14.09.2021;-0.6859979;6980;322;0.16;0.15;0.0302;1596.451377
2;M;BH-01776;14.09.2021;-1.5202065;6945;326;0.16;0.19;0.0315;1561.2258
3;M;BH-01776;14.09.2021;-2.247714;6910;330;0.21;0.1;0.0352;1526.000328
4;M;BH-01776;14.09.2021;-2.4708163;6876;334;0.23;0.21;0.0364;1491.767073
5;M;BH-01776;14.09.2021;-3.0916227;6841;339;0.19;0.08;0.0323;1456.416493
6;M;BH-01776;14.09.2021;-1.6366077;6807;343;0.16;0.09;0.0331;1422.183181
7;M;BH-01776;14.09.2021;-1.7045084;6772;347;0.24;0.06;0.0339;1386.957822
8;M;BH-01776;14.09.2021;-0.4919959;6738;352;0.18;0.07;0.0335;1352.599349
9;M;BH-01776;14.09.2021;0.7108165;6704;356;0.15;0.09;0.0351;1318.366034
10;M;BH-01776;14.09.2021;-2.6260179;6669;360;0.19;0.05;0.0336;1283.140678
11;M;BH-01776;14.09.2021;-2.7036187;6635;365;0.16;0.22;0.035;1248.782207
12;M;BH-01776;14.09.2021;-3.0819226;6600;369;0.17;0.13;0.0328;1213.556756
13;M;BH-01776;14.09.2021;-3.1498233;6566;373;0.17;0.06;0.0358;1179.323535
14;M;BH-01776;14.09.2021;-3.1595234;6532;378;0.16;0.2;0.0328;1144.965065
15;M;BH-01776;14.09.2021;-3.605728;6497;382;0.19;0.23;0.0326;1109.739609
16;M;BH-01776;14.09.2021;-3.4214261;6463;386;0.19;0.16;0.0402;1075.506392
17;M;BH-01776;14.09.2021;-1.9276107;6428;391;0.17;0.08;0.0362;1040.155758
18;M;BH-01776;14.09.2021;-0.6665977;6394;395;0.15;0.13;0.0336;1005.922462
19;M;BH-01776;14.09.2021;0.0609098;6360;399;0.16;0.12;0.0317;971.6892507
20;M;BH-01776;14.09.2021;-1.0740019;6325;404;0.17;0.1;0.0335;936.338614
21;M;BH-01776;14.09.2021;-1.4911062;6291;408;0.2;0.22;0.0348;902.1053154
22;M;BH-01776;14.09.2021;-1.8888103;6256;412;0.17;0.11;0.0344;866.8800378
23;M;BH-01776;14.09.2021;-2.4223158;6222;417;0.16;0.04;0.0348;832.5214712
24;M;BH-01776;14.09.2021;-2.1798133;6188;421;0.21;0.1;0.0299;798.2881685
25;M;BH-01776;14.09.2021;-3.6445284;6153;426;0.21;0.16;0.032;762.9377432
26;M;BH-01776;14.09.2021;-3.9064311;6119;430;0.18;0.19;0.0314;728.7043296
27;M;BH-01776;14.09.2021;-3.1789236;6084;434;0.17;0.17;0.031;693.478911
28;M;BH-01776;14.09.2021;-4.1198333;6050;439;0.17;0.07;0.033;659.1206263
29;M;BH-01776;14.09.2021;-3.702729;6016;443;0.19;0.08;0.0322;624.8871898
30;M;BH-01776;14.09.2021;-4.0519326;5981;447;0.16;0.15;0.0333;589.6617675
31;M;BH-01776;14.09.2021;-4.6242385;5947;452;0.18;0.51;0.0269;555.3035206
32;M;BH-01776;14.09.2021;-3.8773308;5912;456;0.16;0.24;0.0326;520.0778788
33;M;BH-01776;14.09.2021;-3.6154281;5878;460;0.19;0.04;0.0376;485.8446254
34;M;BH-01776;14.09.2021;-3.5184271;5843;500;0.22;0.17;0.0438;447.4930167
35;M;BH-01776;14.09.2021;-4.1586337;5809;469;0.15;0.13;0.0391;416.2607356
36;M;BH-01776;14.09.2021;-4.8570409;5775;473;0.16;0.19;0.041;382.0274859
37;M;BH-01776;14.09.2021;-5.0025424;5740;478;0.17;0.15;0.0405;346.6770832
38;M;BH-01776;14.09.2021;-5.0995434;5706;482;0.2;0.16;0.0404;312.4435949
39;M;BH-01776;14.09.2021;-4.6436387;5671;486;0.19;0.2;0.0408;277.2183255
40;M;BH-01776;14.09.2021;-4.6533388;5637;491;0.17;0.1;0.0409;242.860042
41;M;BH-01776;14.09.2021;-4.8958413;5603;495;0.16;0.04;0.0398;208.6264605
42;M;BH-01776;14.09.2021;-4.4302365;5568;499;0.2;0.08;0.0409;173.4012687
43;M;BH-01776;14.09.2021;-4.8764411;5534;504;0.18;0.07;0.0419;139.0431588
44;M;BH-01776;14.09.2021;-4.4496367;5499;508;0.21;0.08;0.0404;103.8171469
45;M;BH-01776;14.09.2021;-4.3041352;5465;513;0.24;0.13;0.0394;69.46221995
46;M;BH-01776;14.09.2021;-4.4884371;5431;517;0.19;0.2;0.038;35.22782991
47;M;core;14.09.2021;-4.0519326;5396;521;0.17;0.11;0.0382;0
1;N;margin;14.09.2021;-1.5105064;6555;2215;0.19;0.08;0.0361;1136.630987
2;N;BH-01877;14.09.2021;-2.5581172;6520;2211;0.19;0.16;0.0372;1101.406828
3;N;BH-01877;14.09.2021;-2.9946217;6485;2207;0.13;0.05;0.038;1066.182911
4;N;BH-01877;14.09.2021;-3.3826257;6451;2204;0.18;0.08;0.0368;1032.052809
5;N;BH-01877;14.09.2021;-2.3156147;6417;2200;0.18;0.05;0.0397;997.8241328
6;N;BH-01877;14.09.2021;-2.0634121;6383;2197;0.24;0.13;0.0413;963.6939348
7;N;BH-01877;14.09.2021;0.2840121;6348;2229;0.15;0.06;0.0365;932.6869786
8;N;BH-01877;14.09.2021;-1.9955114;6314;2190;0.16;0.06;0.0373;894.3399801
9;N;BH-01877;14.09.2021;-2.2768143;6280;2187;0.18;0.13;0.0356;860.2098581
10;N;BH-01877;14.09.2021;-2.7812195;6246;2183;0.17;0.09;0.0367;825.9812347
11;N;BH-01877;14.09.2021;-2.7521192;6211;2180;0.2;0.07;0.0379;790.8558655
12;N;BH-01877;14.09.2021;-2.7230189;6177;2177;0.19;0.03;0.0385;756.725842
13;N;BH-01877;14.09.2021;-2.8200199;6143;2173;0.13;0.1;0.0372;722.4970588
14;N;BH-01877;14.09.2021;-2.2962145;6109;2170;0.15;0.09;0.0358;688.366908
15;N;BH-01877;14.09.2021;-3.1304231;6075;2166;0.19;0.06;0.0372;654.1383646
16;N;BH-01877;14.09.2021;-3.4408263;6040;2163;0.18;0.09;0.0408;619.0129239
17;N;BH-01877;14.09.2021;-2.1798133;6006;2160;0.21;0.12;0.041;584.8828943
18;N;BH-01877;14.09.2021;-0.9770009;5972;2156;0.23;0.1;0.0362;550.6541564
19;N;BH-01877;14.09.2021;-1.665708;5938;2153;0.22;0.25;0.0386;516.5239588
20;N;BH-01877;14.09.2021;-2.7230189;5903;2149;0.2;0.1;0.041;481.300322
21;N;BH-01877;14.09.2021;-3.0916227;5869;2146;0.19;0.18;0.0395;447.16999
22;N;BH-01877;14.09.2021;-3.6833288;5835;2143;0.16;0.14;0.0388;413.0399496
23;N;BH-01877;14.09.2021;-4.3623358;5801;2139;0.18;0.06;0.0398;378.8112987
24;N;BH-01877;14.09.2021;-4.3138353;5766;2136;0.19;0.06;0.0432;343.6859031
25;N;BH-01877;14.09.2021;-3.6348283;5732;2132;0.16;0.08;0.0431;309.45759
26;N;BH-01877;14.09.2021;-4.3720359;5698;2129;0.24;0.06;0.0449;275.3270782
27;N;BH-01877;14.09.2021;-5.3614461;5664;2126;0.17;0.14;0.0474;241.1970149
28;N;BH-01877;14.09.2021;-4.3041352;5630;2122;0.14;0.16;0.0379;206.9685967
29;N;BH-01877;14.09.2021;-4.1683338;5595;2119;0.2;0.07;0.0384;171.8429516
30;N;BH-01877;14.09.2021;-4.1974341;5561;2115;0.17;0.1;0.0408;137.6154061
31;N;BH-01877;14.09.2021;-4.6436387;5527;2112;0.19;0.05;0.0414;103.4842983
32;N;BH-01877;14.09.2021;-4.3429356;5493;2109;0.19;0.11;0.0419;69.35416354
33;N;BH-01877;14.09.2021;-4.1198333;5458;2105;0.23;0.07;0.0409;34.13209633
34;N;core;14.09.2021;-4.0422325;5424;2102;0.13;0.09;0.038;0
1;O;margin;14.09.2021;NA;479;3402;0.42;0.82;0.0451;2012.168234
2;O;BH-01922;14.09.2021;-4.3138353;512;3390;0.25;0.09;0.0374;1977.07056
3;O;BH-01922;14.09.2021;-4.3041352;545;3378;0.18;0.06;0.0361;1941.973481
4;O;BH-01922;14.09.2021;-4.1101332;579;3367;0.2;0.08;0.0328;1906.238705
5;O;BH-01922;14.09.2021;-3.1304231;612;3356;0.18;0.12;0.032;1871.45398
6;O;BH-01922;14.09.2021;-3.2468243;646;3345;0.2;0.06;0.0385;1835.719205
7;O;BH-01922;14.09.2021;-5.0801432;679;3334;0.18;0.11;0.0333;1800.93448
8;O;BH-01922;14.09.2021;-3.9355314;713;3323;0.15;0.12;0.0319;1765.199705
9;O;BH-01922;14.09.2021;-3.1692235;746;3312;0.18;0.09;0.0356;1730.414979
10;O;BH-01922;14.09.2021;-5.642749;780;3301;0.15;0.14;0.0331;1694.680206
11;O;BH-01922;14.09.2021;-4.2944351;813;3290;0.16;0.12;0.0298;1659.895479
12;O;BH-01922;14.09.2021;-3.508727;847;3279;0.18;0.09;0.0305;1624.160706
13;O;BH-01922;14.09.2021;-5.5069476;880;3268;0.17;0.05;0.034;1589.375978
14;O;BH-01922;14.09.2021;-4.1780339;914;3257;0.2;0.23;0.0304;1553.641207
15;O;BH-01922;14.09.2021;-2.4320159;948;3246;0.18;0.1;0.0313;1517.906453
16;O;BH-01922;14.09.2021;-5.060743;981;3235;0.2;0.08;0.0302;1483.121708
17;O;BH-01922;14.09.2021;-5.4778473;1015;3224;0.21;0.07;0.0331;1447.386956
18;O;BH-01922;14.09.2021;-5.5554481;1048;3213;0.15;0.15;0.0338;1412.602209
19;O;BH-01922;14.09.2021;-2.9558213;1082;3202;0.21;0.07;0.0316;1376.867459
20;O;BH-01922;14.09.2021;-5.0510429;1115;3191;0.16;0.16;0.0325;1342.08271
21;O;BH-01922;14.09.2021;-5.3226457;1149;3180;0.16;0.07;0.0347;1306.347963
22;O;BH-01922;14.09.2021;-6.0113528;1182;3169;0.16;0.27;0.038;1271.563211
23;O;BH-01922;14.09.2021;-3.5766277;1216;3158;0.2;0.18;0.0319;1235.828467
24;O;BH-01922;14.09.2021;-5.060743;1249;3147;0.19;0.05;0.0337;1201.043713
25;O;BH-01922;14.09.2021;-5.9531522;1283;3136;0.2;0.09;0.0343;1165.308972
26;O;BH-01922;14.09.2021;-6.2829556;1317;3125;0.18;0.07;0.035;1129.574256
27;O;BH-01922;14.09.2021;-4.3914361;1350;3114;0.22;0.04;0.0344;1094.789477
28;O;BH-01922;14.09.2021;-4.9928423;1384;3103;0.16;0.1;0.0347;1059.054767
29;O;BH-01922;14.09.2021;-6.6612595;1417;3092;0.15;0.06;0.0324;1024.269984
30;O;BH-01922;14.09.2021;-6.8940619;1451;3081;0.17;0.07;0.0367;988.5352801
31;O;BH-01922;14.09.2021;-6.0598533;1484;3070;0.17;0.11;0.0367;953.7504915
32;O;BH-01922;14.09.2021;-6.0501532;1518;3059;0.22;0.04;0.0408;918.0157951
33;O;BH-01922;14.09.2021;-4.1295334;1551;3048;0.13;0.1;0.04;883.2310004
34;O;BH-01922;14.09.2021;-6.0598533;1585;3037;0.21;0.09;0.0389;847.4963127
35;O;BH-01922;14.09.2021;-6.2344551;1618;3026;0.2;0.1;0.0381;812.7115109
36;O;BH-01922;14.09.2021;-6.4672575;1652;3015;0.15;0.08;0.0391;776.9768336
37;O;BH-01922;14.09.2021;-6.5060579;1686;3004;0.17;0.15;0.0393;741.2422006
38;O;BH-01922;14.09.2021;-5.3711462;1719;2992;0.16;0.14;0.0414;706.1451692
39;O;BH-01922;14.09.2021;-4.0519326;1753;2982;0.17;0.11;0.039;670.7227445
40;O;BH-01922;14.09.2021;-6.6321592;1786;2970;0.15;0.09;0.043;635.625676
41;O;BH-01922;14.09.2021;-5.4584471;1820;2960;0.2;0.09;0.0383;600.2032989
42;O;BH-01922;14.09.2021;-6.8940619;1853;2948;0.14;0.06;0.0385;565.1061847
43;O;BH-01922;14.09.2021;-6.3993568;1887;2938;0.19;0.09;0.0425;529.683868
44;O;BH-01922;14.09.2021;-6.2926557;1920;2926;0.18;0.05;0.0417;494.5866961
45;O;BH-01922;14.09.2021;-6.8261612;1954;2916;0.19;0.13;0.0438;459.1644586
46;O;BH-01922;14.09.2021;-6.1859546;1987;2904;0.17;0.08;0.0422;424.0672117
47;O;BH-01922;14.09.2021;-5.4972475;2021;2894;0.21;0.09;0.04;388.6450823
48;O;BH-01922;14.09.2021;-5.6136487;2055;2882;0.16;0.14;0.0404;352.5975042
49;O;BH-01922;14.09.2021;-6.903762;2088;2872;0.15;0.11;0.0417;318.1257613
50;O;BH-01922;14.09.2021;-5.9434521;2122;2860;0.19;0.1;0.0414;282.0780034
51;O;BH-01922;14.09.2021;-7.000763;2155;2850;0.27;0.03;0.0396;247.6065427
52;O;BH-01922;14.09.2021;-6.1471542;2189;2838;0.17;0.17;0.0366;211.5585025
53;O;BH-01922;14.09.2021;-7.6409696;2222;2828;0.24;0.05;0.0388;177.087549
54;O;BH-01922;14.09.2021;-5.0995434;2256;2816;0.19;0.09;0.0359;141.0390017
55;O;BH-01922;14.09.2021;-5.0995434;2289;2806;0.2;0.1;0.0365;106.5692263
56;O;BH-01922;14.09.2021;-6.2441552;2323;2794;0.19;0.08;0.0374;70.51950085
57;O;BH-01922;14.09.2021;-6.3702565;2357;2783;0.14;0.08;0.0382;34.78505426
58;O;core;14.09.2021;-5.9628523;2390;2772;0.18;0.1;0.0351;0
1;P;margin;14.09.2021;-6.9425624;2898;0;0.22;0.15;0.0325;1042.253328
2;P;BH-00424;14.09.2021;-7.2141652;2894;-35;0.18;0.2;0.0394;1007.025819
3;P;BH-00424;14.09.2021;-4.3429356;2890;-70;0.21;0.14;0.0358;971.798333
4;P;BH-00424;14.09.2021;-5.8658513;2886;-105;0.24;0.05;0.0342;936.5708729
5;P;BH-00424;14.09.2021;-6.418757;2882;-139;0.18;0.05;0.0317;902.33752
6;P;BH-00424;14.09.2021;-7.6603698;2878;-174;0.18;0.11;0.0327;867.1101429
7;P;BH-00424;14.09.2021;-7.485768;2875;-208;0.15;0.1;0.031;832.9855941
8;P;BH-00424;14.09.2021;-7.8252715;2871;-243;0.19;0.07;0.0327;797.7581087
9;P;BH-00424;14.09.2021;-7.8058713;2867;-277;0.22;0.14;0.0339;763.5247213
10;P;BH-00424;14.09.2021;-7.7476707;2863;-312;0.17;0.08;0.0339;728.2973294
11;P;BH-00424;14.09.2021;-6.8164611;2860;-346;0.17;0.11;0.0345;694.1728891
12;P;BH-00424;14.09.2021;-5.2935454;2856;-381;0.18;0.07;0.0323;658.9453695
13;P;BH-00424;14.09.2021;-5.5845484;2852;-415;0.21;0.11;0.0362;624.7119336
14;P;BH-00424;14.09.2021;-5.9919526;2848;-450;0.17;0.05;0.0383;589.4845206
15;P;BH-00424;14.09.2021;-7.8834721;2845;-484;0.21;0.08;0.0371;555.3602434
16;P;BH-00424;14.09.2021;-5.9143518;2841;-519;0.19;0.11;0.037;520.1326754
17;P;BH-00424;14.09.2021;-6.0889536;2837;-553;0.14;0.07;0.037;485.8991665
18;P;BH-00424;14.09.2021;-6.8358613;2833;-588;0.23;0.07;0.0405;450.6717209
19;P;BH-00424;14.09.2021;-6.8261612;2829;-622;0.16;0.14;0.0438;416.4384708
20;P;BH-00424;14.09.2021;-8.0192735;2826;-657;0.24;0.08;0.0418;381.3200755
21;P;BH-00424;14.09.2021;-7.4566677;2822;-691;0.18;0.04;0.0428;347.0864446
22;P;BH-00424;14.09.2021;-7.7961712;2818;-726;0.17;0.03;0.0409;311.8589425
23;P;BH-00424;14.09.2021;-7.6409696;2814;-760;0.21;0.04;0.0436;277.6256472
24;P;BH-00424;14.09.2021;-7.1462645;2811;-795;0.25;0.14;0.0421;242.5077318
25;P;BH-00424;14.09.2021;-8.1356747;2807;-829;0.31;1.26;0.0507;208.2738582
26;P;BH-00424;14.09.2021;-6.6418593;2803;-864;0.17;0.08;0.0389;173.0462366
27;P;BH-00424;14.09.2021;-7.5439686;2799;-898;0.21;0.05;0.0402;138.8128236
28;P;BH-00424;14.09.2021;-6.4866577;2796;-933;0.19;0.08;0.042;103.696673
29;P;BH-00424;14.09.2021;-6.6903598;2792;-967;0.17;0.07;0.0451;69.46221995
30;P;BH-00424;14.09.2021;-5.9046517;2788;-1002;0.13;0.03;0.0429;34.23448554
31;P;core;14.09.2021;-6.7679606;2784;-1036;0.1;0.05;0.0423;0
1;2;rim;17.09.2021;-5.5069476;6596;-1159;0.14;0.07;0.0309;1567.713303
2;2;BH-91068;17.09.2021;-5.6524491;6564;-1175;0.24;0.11;0.0312;1531.941579
3;2;BH-91068;17.09.2021;-6.2441552;6532;-1191;0.2;0.05;0.0326;1496.170111
4;2;BH-91068;17.09.2021;-5.3226457;6501;-1206;0.21;0.05;0.031;1461.732192
5;2;BH-91068;17.09.2021;-3.8579306;6434;-1186;0.16;0.21;0.0307;1410.675016
6;2;BH-91068;17.09.2021;-4.3332355;6438;-1236;0.17;0.07;0.0299;1391.954022
7;2;BH-91068;17.09.2021;-5.4293468;6406;-1251;0.23;0.1;0.0331;1356.613799
8;2;BH-91068;17.09.2021;-6.6903598;6375;-1266;0.19;0.1;0.0347;1322.175858
9;2;BH-91068;17.09.2021;-6.418757;6344;-1281;0.19;0.06;0.0319;1287.737939
10;2;BH-91068;17.09.2021;-7.3790669;6312;-1296;0.18;0.05;0.0327;1252.3977
11;2;BH-91068;17.09.2021;-4.0422325;6281;-1311;0.19;0.22;0.032;1217.959769
12;2;BH-91068;17.09.2021;-7.8834721;6249;-1326;0.12;0.08;0.0359;1182.61955
13;2;BH-91068;17.09.2021;-8.7176807;6218;-1341;0.21;0.08;0.0307;1148.181606
14;2;BH-91068;17.09.2021;-10.3472975;6186;-1356;0.18;0.1;0.032;1112.841408
15;2;BH-91068;17.09.2021;-9.3675874;6155;-1371;0.16;0.09;0.0333;1078.40345
16;2;BH-91068;17.09.2021;-9.8913928;6124;-1386;0.17;0.09;0.038;1043.965517
17;2;BH-91068;17.09.2021;-9.3093868;6092;-1401;0.2;0.07;0.0378;1008.625302
18;2;BH-91068;17.09.2021;-8.7661812;6061;-1381;0.2;0.04;0.0375;989.7807838
19;2;BH-91068;17.09.2021;-6.6224591;6029;-1431;0.18;0.08;0.041;938.8471654
20;2;BH-91068;17.09.2021;-6.70976;5998;-1446;0.19;0.07;0.0387;904.4091994
21;2;BH-91068;17.09.2021;-7.5633688;5966;-1461;0.19;0.06;0.0377;869.0690421
22;2;BH-91068;17.09.2021;-7.9513728;5935;-1476;0.16;0.15;0.0389;834.6310562
23;2;BH-91068;17.09.2021;-8.1259746;5904;-1491;0.17;0.17;0.0376;800.1931017
24;2;BH-91068;17.09.2021;-6.9522625;5872;-1506;0.19;0.16;0.0362;764.852927
25;2;BH-91068;17.09.2021;-7.8155714;5841;-1521;0.21;0.09;0.0394;730.4149506
26;2;BH-91068;17.09.2021;-7.8543718;5809;-1536;0.14;0.07;0.0379;695.0748161
27;2;BH-91068;17.09.2021;-7.6894701;5778;-1551;0.17;0.09;0.0387;660.636814
28;2;BH-91068;17.09.2021;-7.776771;5747;-1566;0.16;0.11;0.0369;626.1988502
29;2;BH-91068;17.09.2021;-5.6039486;5715;-1581;0.18;0.14;0.034;590.8586972
30;2;BH-91068;17.09.2021;-4.5660379;5684;-1596;0.16;0.11;0.0332;556.4207041
31;2;BH-91068;17.09.2021;-6.6030589;5652;-1611;0.15;0.11;0.0376;521.080608
32;2;BH-91068;17.09.2021;-7.0201632;5621;-1626;0.2;0.12;0.0355;486.6425793
33;2;BH-91068;17.09.2021;-7.388767;5589;-1641;0.15;0.05;0.0348;451.3025593
34;2;BH-91068;17.09.2021;-8.4751782;5558;-1656;0.21;0.19;0.0452;416.8644864
35;2;BH-91068;17.09.2021;-8.2229756;5527;-1671;0.17;0.08;0.0349;382.4264635
36;2;BH-91068;17.09.2021;-7.5439686;5495;-1686;0.14;0.12;0.0357;347.0864446
37;2;BH-91068;17.09.2021;-6.8843618;5464;-1701;0.14;0.1;0.0369;312.6483648
38;2;BH-91068;17.09.2021;-7.8349716;5432;-1716;0.22;0.03;0.036;277.3084925
39;2;BH-91068;17.09.2021;-7.8834721;5401;-1731;0.16;0.13;0.0348;242.8703358
40;2;BH-91068;17.09.2021;-9.1153848;5370;-1746;0.2;0.15;0.0455;208.4322432
41;2;BH-91068;17.09.2021;-9.0183838;5338;-1761;0.19;0.11;0.0349;173.0924608
42;2;BH-91068;17.09.2021;-8.9213828;5307;-1776;0.19;0.21;0.0352;138.6542462
43;2;BH-91068;17.09.2021;-9.2026857;5275;-1791;0.17;0.06;0.0362;103.3150521
44;2;BH-91068;17.09.2021;-9.5421892;5244;-1806;0.19;0.09;0.0351;68.87670143
45;2;BH-91068;17.09.2021;-10.0465944;5212;-1821;0.13;0.13;0.0338;33.54101966
46;2;core;17.09.2021;-9.8234921;5182;-1836;0.19;0.08;0.0335;0
1;3;rim;17.09.2021;-2.3641152;3272;775;0.11;0.14;0.0321;1034.516795
2;3;BH-91117;17.09.2021;-4.6048383;3307;770;0.23;0.11;0.035;999.162149
3;3;BH-91117;17.09.2021;-5.7009496;3342;765;0.17;0.1;0.0382;963.8075534
4;3;BH-91117;17.09.2021;-4.0131322;3377;760;0.24;0.11;0.0331;928.4530144
5;3;BH-91117;17.09.2021;-3.1789236;3413;755;0.17;0.07;0.0321;892.1076168
6;3;BH-91117;17.09.2021;-4.6242385;3448;750;0.11;0.23;0.0359;856.7531733
7;3;BH-91117;17.09.2021;-5.933752;3483;745;0.18;0.04;0.0407;821.3988069
8;3;BH-91117;17.09.2021;-3.4990269;3519;741;0.12;0.08;0.0326;785.1878756
9;3;BH-91117;17.09.2021;-3.5378273;3554;736;0.19;0.08;0.034;749.8333148
10;3;BH-91117;17.09.2021;-4.2459346;3590;731;0.16;0.07;0.0377;713.4879116
11;3;BH-91117;17.09.2021;-5.6815494;3625;726;0.21;0.11;0.0369;678.1334677
12;3;BH-91117;17.09.2021;-6.418757;3660;722;0.14;0.05;0.0364;642.9136801
13;3;BH-91117;17.09.2021;-5.7882505;3696;717;0.16;0.12;0.0365;606.5682155
14;3;BH-91117;17.09.2021;-6.612759;3731;712;0.21;0.17;0.0364;571.2136203
15;3;BH-91117;17.09.2021;-7.0880639;3767;707;0.15;0.02;0.037;534.8682081
16;3;BH-91117;17.09.2021;-7.7864711;3802;702;0.19;0.07;0.036;499.5137636
17;3;BH-91117;17.09.2021;-7.291766;3837;698;0.14;0.06;0.0364;464.2940878
18;3;BH-91117;17.09.2021;-8.0095734;3872;664;0.13;0.35;0.0317;425.9882627
19;3;BH-91117;17.09.2021;NA;3928;758;0.32;0.1;0.0407;388.9601522
19;3;BH-91117;17.09.2021;-6.9231622;3908;688;0.19;0.2;0.0291;392.5939378
20;3;BH-91117;17.09.2021;-8.9213828;3944;683;0.21;0.13;0.0431;356.2485088
21;3;BH-91117;17.09.2021;-5.9725524;3979;678;0.13;0.07;0.0361;320.8940635
22;3;BH-91117;17.09.2021;-7.5148683;4014;674;0.19;0.11;0.0384;285.6746401
23;3;BH-91117;17.09.2021;-9.2026857;4050;669;0.25;0.06;0.0421;249.3290998
24;3;BH-91117;17.09.2021;-9.8622925;4085;664;0.16;0.12;0.0458;213.9742975
25;3;BH-91117;17.09.2021;-9.4548883;4121;659;0.2;0.11;0.0443;177.6288265
26;3;BH-91117;17.09.2021;-8.2326757;4156;654;0.18;0.06;0.0417;142.2743828
27;3;BH-91117;17.09.2021;-8.9504831;4191;650;0.17;0.05;0.0457;107.0560601
28;3;BH-91117;17.09.2021;NA;4227;645;0.33;0.1;0.0463;70.71067812
29;3;BH-91117;17.09.2021;NA;4262;640;0.27;0.13;0.0499;35.35533906
30;3;core;17.09.2021;NA;4297;635;0.3;0.2;0.048;0
1;Q;rim;15.09.2021;-3.9840319;-215;7346;0.2;0.32;0.0429;1278.156876
2;Q;BH-90910;15.09.2021;-4.7212395;-202;7314;0.2;0.06;0.0414;1247.405307
3;Q;BH-90910;15.09.2021;-5.3032455;-189;7282;0.19;0.14;0.0454;1216.857017
4;Q;BH-90910;15.09.2021;-3.1013228;-176;7250;0.13;0.16;0.0382;1186.527707
5;Q;BH-90910;15.09.2021;-3.7803298;-163;7218;0.21;0.11;0.0424;1156.434607
6;Q;BH-90910;15.09.2021;-5.6621492;-150;7186;0.17;0.19;0.0434;1126.596645
7;Q;BH-90910;15.09.2021;-4.3235354;-137;7154;0.17;0.16;0.04;1097.034639
8;Q;BH-90910;15.09.2021;-3.4699266;-124;7122;0.17;0.13;0.0415;1067.771511
9;Q;BH-90910;15.09.2021;-4.6630389;-111;7091;0.21;0.1;0.0412;1039.812483
10;Q;BH-90910;15.09.2021;-6.0792535;-98;7059;0.2;0.11;0.0398;1011.221539
11;Q;BH-90910;15.09.2021;-6.8649616;-85;7027;0.17;0.13;0.0421;983.0127161
12;Q;BH-90910;15.09.2021;-3.6445284;-72;6995;0.19;0.18;0.0413;955.21987
13;Q;BH-90910;15.09.2021;-4.8958413;-59;6963;0.15;0.1;0.0439;927.8803802
14;Q;BH-90910;15.09.2021;-5.4196467;-46;6932;0.14;0.15;0.0434;901.9889135
15;Q;BH-90910;15.09.2021;-5.4584471;-33;6900;0.23;0.12;0.0451;875.6763101
16;Q;BH-90910;15.09.2021;-5.3323458;-20;6868;0.21;0.13;0.0456;849.9529399
17;Q;BH-90910;15.09.2021;-6.6418593;-7;6836;0.2;0.1;0.0473;824.8739298
18;Q;BH-90910;15.09.2021;-6.127754;6;6804;0.15;0.08;0.0449;795.7185432
19;Q;BH-90910;15.09.2021;-2.9849216;19;6772;0.2;0.1;0.0417;761.1839462
20;Q;BH-90910;15.09.2021;-3.4699266;32;6741;0.13;0.05;0.0424;727.5692407
21;Q;BH-90910;15.09.2021;-4.7503398;45;6709;0.17;0.08;0.0419;693.0353526
22;Q;BH-90910;15.09.2021;-5.7979506;58;6677;0.25;0.07;0.044;658.5020881
23;Q;BH-90910;15.09.2021;-5.6815494;71;6645;0.24;0.22;0.0464;623.9695505
24;Q;BH-90910;15.09.2021;-7.1171642;84;6613;0.28;0.04;0.0459;589.4378678
25;Q;BH-90910;15.09.2021;-6.2053548;97;6581;0.15;0.17;0.0434;554.9071994
26;Q;BH-90910;15.09.2021;-6.2926557;110;6550;0.21;0.14;0.0442;521.2945425
27;Q;BH-90910;15.09.2021;-8.5430789;123;6518;0.2;0.47;0.0685;486.7658575
28;Q;BH-90910;15.09.2021;-6.6321592;136;6486;0.16;0.15;0.0434;452.2388749
29;Q;BH-90910;15.09.2021;-6.3023558;150;6454;0.16;0.2;0.0417;417.310436
30;Q;BH-90910;15.09.2021;-6.9134621;164;6422;0.2;0.11;0.0423;382.3820079
31;Q;BH-90910;15.09.2021;-7.3305664;178;6390;0.23;0.11;0.0424;347.453594
32;Q;BH-90910;15.09.2021;-6.7388603;192;6359;0.17;0.28;0.042;313.4405845
33;Q;BH-90910;15.09.2021;-7.097764;206;6327;0.2;0.16;0.0416;278.5121182
34;Q;BH-90910;15.09.2021;-7.3014661;220;6295;0.19;0.11;0.0405;243.5836612
35;Q;BH-90910;15.09.2021;-9.134785;234;6263;0.19;0.07;0.0418;208.655218
36;Q;BH-90910;15.09.2021;-10.6092002;248;6231;0.19;0.13;0.0488;173.726797
37;Q;BH-90910;15.09.2021;-8.7079806;262;6199;0.22;0.04;0.0428;138.798415
38;Q;BH-90910;15.09.2021;-8.8146817;276;6168;0.16;0.13;0.0411;104.7854952
39;Q;BH-90910;15.09.2021;-8.455778;290;6136;0.23;0.05;0.0391;69.85699679
40;Q;BH-90910;15.09.2021;-8.7370809;304;6104;0.19;0.1;0.0389;34.92849839
41;Q;BH-90910;15.09.2021;NA;64;1025;0.19;0.3;0.0015;5053.387478
42;Q;core;15.09.2021;-8.4751782;318;6072;0.2;0.15;0.045;0
1;R;rim;15.09.2021;-4.0228323;-4714;5227;0.19;0.05;0.0321;1219.092285
2;R;BH-90928;15.09.2021;-5.157744;-4682;5240;0.18;0.17;0.033;1184.552658
3;R;BH-90928;15.09.2021;-5.642749;-4650;5253;0.16;0.09;0.0361;1150.013043
4;R;BH-90928;15.09.2021;-6.2829556;-4618;5266;0.16;0.08;0.0374;1115.473442
5;R;BH-90928;15.09.2021;-6.321756;-4586;5279;0.17;0.05;0.0375;1080.933856
6;R;BH-90928;15.09.2021;-6.6515594;-4554;5292;0.19;0.07;0.0375;1046.394285
7;R;BH-90928;15.09.2021;-6.1859546;-4522;5305;0.17;0.13;0.0385;1011.854733
8;R;BH-90928;15.09.2021;-5.2353448;-4490;5318;0.17;0.13;0.0357;977.3151999
9;R;BH-90928;15.09.2021;-4.2168343;-4458;5331;0.19;0.07;0.0356;942.7756891
10;R;BH-90928;15.09.2021;-5.2062445;-4426;5344;0.23;0.16;0.0388;908.2362028
11;R;BH-90928;15.09.2021;-5.5069476;-4394;5357;0.11;0.14;0.0411;873.6967437
12;R;BH-90928;15.09.2021;-6.1471542;-4362;5370;0.17;0.1;0.0403;839.1573154
13;R;BH-90928;15.09.2021;-5.3323458;-4330;5383;0.17;0.17;0.0397;804.6179217
14;R;BH-90928;15.09.2021;-6.5351582;-4298;5396;0.18;0.06;0.0416;770.0785674
15;R;BH-90928;15.09.2021;-7.1074641;-4266;5409;0.19;0.16;0.044;735.539258
16;R;BH-90928;15.09.2021;-6.4090569;-4234;5422;0.21;0.1;0.0418;701
17;R;BH-90928;15.09.2021;-7.3693668;-4202;5435;0.19;0.09;0.0474;666.4608015
18;R;BH-90928;15.09.2021;-6.7970609;-4170;5448;0.19;0.09;0.0401;631.9216724
19;R;BH-90928;15.09.2021;-7.7185704;-4138;5461;0.19;0.14;0.039;597.3826245
20;R;BH-90928;15.09.2021;-8.3102765;-4106;5474;0.15;0.09;0.0422;562.8436728
21;R;BH-90928;15.09.2021;-7.0880639;-4074;5487;0.16;0.17;0.0413;528.3048362
22;R;BH-90928;15.09.2021;-7.0298633;-4042;5500;0.2;0.1;0.0456;493.766139
23;R;BH-90928;15.09.2021;-9.7943918;-4010;5513;0.28;0.6;0.0883;459.2276124
24;R;BH-90928;15.09.2021;-5.448747;-3978;5526;0.17;0.16;0.0433;424.6892982
25;R;BH-90928;15.09.2021;-7.5245684;-3946;5539;0.17;0.05;0.0454;390.1512527
26;R;BH-90928;15.09.2021;-8.1550749;-3913;5552;0.16;0.15;0.0419;354.682957
27;R;BH-90928;15.09.2021;-11.2494068;-3880;5565;0.22;0.09;0.0459;319.2146613
28;R;BH-90928;15.09.2021;-8.552779;-3847;5578;0.22;0.16;0.0424;283.7463656
29;R;BH-90928;15.09.2021;-12.9663245;-3814;5591;0.18;1.21;0.0853;248.2780699
30;R;BH-90928;15.09.2021;-8.8049816;-3781;5604;0.22;0.08;0.0428;212.8097742
31;R;BH-90928;15.09.2021;-8.8146817;-3748;5617;0.16;0.21;0.043;177.3414785
32;R;BH-90928;15.09.2021;-8.3975774;-3715;5630;0.19;0.16;0.0418;141.8731828
33;R;BH-90928;15.09.2021;-8.7952815;-3682;5643;0.23;0.11;0.0466;106.4048871
34;R;BH-90928;15.09.2021;-9.0280839;-3649;5656;0.18;0.1;0.0453;70.9365914
35;R;BH-90928;15.09.2021;-9.2996867;-3616;5669;0.14;0.15;0.0422;35.4682957
36;R;core;15.09.2021;-9.2608863;-3583;5682;0.17;0.06;0.0403;0
1;S;rim;15.09.2021;-5.4390469;-4120;2974;0.17;0.22;0.0325;1430.65859
2;S;BH-90946;15.09.2021;-6.4866577;-4098;3002;0.21;0.05;0.0337;1395.04982
3;S;BH-90946;15.09.2021;-5.157744;-4076;3030;0.17;0.11;0.0344;1359.441062
4;S;BH-90946;15.09.2021;-5.9531522;-4054;3058;0.17;0.06;0.0365;1323.832316
5;S;BH-90946;15.09.2021;-4.3526357;-4032;3086;0.2;0.07;0.0337;1288.223583
6;S;BH-90946;15.09.2021;-6.1471542;-4010;3114;0.17;0.12;0.0331;1252.614865
7;S;BH-90946;15.09.2021;-6.0016527;-3988;3143;0.16;0.07;0.0335;1216.217497
8;S;BH-90946;15.09.2021;-5.2062445;-3966;3171;0.18;0.12;0.0353;1180.608741
9;S;BH-90946;15.09.2021;-4.4690369;-3944;3199;0.15;0.1;0.033;1145
10;S;BH-90946;15.09.2021;-5.5166477;-3922;3227;0.19;0.2;0.0326;1109.391275
11;S;BH-90946;15.09.2021;-6.0016527;-3900;3255;0.19;0.1;0.0352;1073.782566
12;S;BH-90946;15.09.2021;-5.545748;-3878;3284;0.2;0.11;0.0346;1037.385174
13;S;BH-90946;15.09.2021;-4.672739;-3856;3312;0.17;0.08;0.032;1001.776422
14;S;BH-90946;15.09.2021;-5.9822525;-3834;3340;0.17;0.09;0.0351;966.1676873
15;S;BH-90946;15.09.2021;-6.127754;-3812;3368;0.14;0.06;0.036;930.5589718
16;S;BH-90946;15.09.2021;-6.0113528;-3790;3397;0.17;0.11;0.0374;894.1616185
17;S;BH-90946;15.09.2021;-5.7591502;-3768;3425;0.23;0.13;0.0378;858.5528522
18;S;BH-90946;15.09.2021;-6.3702565;-3746;3453;0.15;0.07;0.0378;822.944105
19;S;BH-90946;15.09.2021;-5.0025424;-3724;3481;0.22;0.08;0.0361;787.3353796
20;S;BH-90946;15.09.2021;-4.8473408;-3702;3509;0.17;0.12;0.0408;751.7266791
21;S;BH-90946;15.09.2021;-5.642749;-3680;3538;0.21;0.11;0.0397;715.3292948
22;S;BH-90946;15.09.2021;-6.7194601;-3658;3566;0.18;0.25;0.0418;679.7205308
23;S;BH-90946;15.09.2021;-6.3896567;-3636;3594;0.22;0.16;0.041;644.1117915
24;S;BH-90946;15.09.2021;-6.8358613;-3614;3622;0.17;0.11;0.0423;608.5030813
25;S;BH-90946;15.09.2021;-6.9813628;-3592;3651;0.18;0.47;0.045;572.1057595
26;S;BH-90946;15.09.2021;-6.5254581;-3570;3679;0.16;0.12;0.0407;536.4969711
27;S;BH-90946;15.09.2021;-5.7882505;-3548;3707;0.17;0.09;0.0397;500.8882111
28;S;BH-90946;15.09.2021;-8.3781772;-3526;3735;0.15;0.12;0.041;465.2794859
29;S;BH-90946;15.09.2021;-8.8243818;-3504;3763;0.23;0.08;0.0418;429.6708042
30;S;BH-90946;15.09.2021;-8.3393768;-3482;3792;0.16;0.1;0.0412;393.2734418
31;S;BH-90946;15.09.2021;-7.1559646;-3460;3820;0.19;0.08;0.0419;357.6646474
32;S;BH-90946;15.09.2021;-8.4654781;-3438;3848;0.15;0.1;0.0418;322.0558958
33;S;BH-90946;15.09.2021;-9.4645884;-3416;3876;0.17;0.13;0.0408;286.4472028
34;S;BH-90946;15.09.2021;-8.6788803;-3394;3904;0.17;0.07;0.0368;250.8385935
35;S;BH-90946;15.09.2021;-9.7555914;-3372;3933;0.19;0.09;0.0373;214.4411341
36;S;BH-90946;15.09.2021;-9.0862845;-3350;3961;0.13;0.16;0.038;178.8323237
37;S;BH-90946;15.09.2021;-9.2802865;-3328;3989;0.17;0.14;0.0388;143.2236014
38;S;BH-90946;15.09.2021;-8.9019826;-3306;4017;0.17;0.12;0.0359;107.6150547
39;S;BH-90946;15.09.2021;-9.1056847;-3284;4046;0.2;0.16;0.0365;71.21797526
40;S;BH-90946;15.09.2021;-8.9116827;-3262;4074;0.16;0.18;0.0376;35.60898763
41;S;core;15.09.2021;-9.1250849;-3240;4102;0.17;0.19;0.0369;0
1;T;rim;15.09.2021;-4.2362345;-7168;508;0.21;0.06;0.0329;1460.263332
2;T;BH-90970;15.09.2021;-5.3808463;-7146;535;0.21;0.29;0.0391;1425.438178
3;T;BH-90970;15.09.2021;-5.6912495;-7124;562;0.17;0.13;0.0344;1390.613174
4;T;BH-90970;15.09.2021;-6.3314561;-7102;589;0.2;0.07;0.0368;1355.788332
5;T;BH-90970;15.09.2021;-4.5660379;-7080;616;0.21;0.12;0.0318;1320.963663
6;T;BH-90970;15.09.2021;-5.7300499;-7058;644;0.21;0.07;0.0338;1285.373487
7;T;BH-90970;15.09.2021;-5.8852515;-7036;671;0.18;0.14;0.0339;1250.549479
8;T;BH-90970;15.09.2021;-6.0210529;-7013;699;0.17;0.21;0.0347;1214.31668
9;T;BH-90970;15.09.2021;-3.8870309;-6990;726;0.18;0.13;0.0321;1178.849015
10;T;BH-90970;15.09.2021;-5.2450449;-6967;753;0.19;0.09;0.0329;1143.381389
11;T;BH-90970;15.09.2021;-6.0210529;-6944;781;0.18;0.2;0.0358;1107.14859
12;T;BH-90970;15.09.2021;-4.4593368;-6921;808;0.17;0.18;0.034;1071.680923
13;T;BH-90970;15.09.2021;-5.3905464;-6898;835;0.21;0.14;0.0371;1036.213299
14;T;BH-90970;15.09.2021;-5.6524491;-6875;863;0.18;0.08;0.0372;999.9804998
15;T;BH-90970;15.09.2021;-6.0501532;-6852;890;0.19;0.06;0.0401;964.5128304
16;T;BH-90970;15.09.2021;-6.0016527;-6829;917;0.19;0.07;0.04;929.0452088
17;T;BH-90970;15.09.2021;-6.4963578;-6806;945;0.23;0.04;0.0429;892.8124103
18;T;BH-90970;15.09.2021;-6.3411562;-6783;972;0.19;0.13;0.0407;857.3447381
19;T;BH-90970;15.09.2021;-4.0422325;-6760;999;0.18;0.07;0.0386;821.8771198
20;T;BH-90970;15.09.2021;-5.0219426;-6737;1027;0.11;0.2;0.0402;785.6443216
21;T;BH-90970;15.09.2021;-5.8076507;-6714;1054;0.19;0.13;0.041;750.1766459
22;T;BH-90970;15.09.2021;-6.5448583;-6691;1081;0.22;0.07;0.0428;714.7090317
23;T;BH-90970;15.09.2021;-6.0016527;-6668;1109;0.16;0.06;0.0415;678.4762339
24;T;BH-90970;15.09.2021;-7.7670709;-6645;1136;0.21;0.17;0.0476;643.0085536
25;T;BH-90970;15.09.2021;-7.2141652;-6622;1163;0.17;0.05;0.0416;607.5409451
26;T;BH-90970;15.09.2021;-6.4672575;-6599;1190;0.24;0.12;0.0443;572.0734219
27;T;BH-90970;15.09.2021;-6.4963578;-6576;1218;0.2;0.1;0.0418;535.8404613
28;T;BH-90970;15.09.2021;-8.2423758;-6553;1245;0.2;0.07;0.0443;500.372861
29;T;BH-90970;15.09.2021;-7.3208663;-6530;1273;0.21;0.1;0.0425;464.1400651
30;T;BH-90970;15.09.2021;-6.6903598;-6507;1300;0.21;0.09;0.0406;428.6723691
31;T;BH-90970;15.09.2021;-6.6709596;-6484;1327;0.17;0.13;0.0404;393.2047813
32;T;BH-90970;15.09.2021;-5.7688503;-6461;1355;0.22;0.09;0.0383;356.9719877
33;T;BH-90970;15.09.2021;-5.7203498;-6438;1382;0.16;0.17;0.0372;321.5042768
34;T;BH-90970;15.09.2021;-5.6718493;-6415;1409;0.22;0.13;0.0368;286.0367109
35;T;BH-90970;15.09.2021;NA;-6392;1437;0.26;0.39;0.0594;249.8039231
36;T;BH-90970;15.09.2021;-7.6894701;-6369;1464;0.15;0.14;0.0407;214.3361845
37;T;BH-90970;15.09.2021;-9.037784;-6346;1491;0.19;0.1;0.0412;178.8686669
38;T;BH-90970;15.09.2021;-8.843782;-6323;1519;0.17;0.13;0.0392;142.6359001
39;T;BH-90970;15.09.2021;-9.4354881;-6300;1546;0.19;0.18;0.0372;107.1680923
40;T;BH-90970;15.09.2021;-8.1550749;-6277;1573;0.2;0.08;0.0375;71.70076708
41;T;BH-90970;15.09.2021;-8.8243818;-6254;1601;0.18;0.22;0.0368;35.4682957
42;T;core;15.09.2021;-8.8243818;-6231;1628;0.19;0.2;0.0378;0
1;U;rim;15.09.2021;-4.2944351;-6354;-2320;0.26;0.29;0.0315;1766.253662
2;U;BH-90981;15.09.2021;-5.73975;-6348;-2286;0.2;0.17;0.0293;1731.733236
3;U;BH-90981;15.09.2021;-5.5263478;-6342;-2252;0.18;0.11;0.0302;1697.21301
4;U;BH-90981;15.09.2021;-7.0298633;-6336;-2218;0.16;0.06;0.0317;1662.692996
5;U;BH-90981;16.09.2021;-5.6621492;-6330;-2184;0.22;0.15;0.0319;1628.173209
6;U;BH-90981;16.09.2021;-6.321756;-6324;-2150;0.22;0.14;0.0302;1593.653664
7;U;BH-90981;16.09.2021;-3.8191302;-6318;-2116;0.12;0.04;0.0314;1559.134375
8;U;BH-90981;16.09.2021;-7.4372675;-6312;-2082;0.14;0.12;0.0284;1524.615361
9;U;BH-90981;16.09.2021;-8.4654781;-6306;-2048;0.18;0.17;0.0295;1490.096641
10;U;BH-90981;16.09.2021;-6.5642585;-6300;-2014;0.18;0.13;0.0294;1455.578236
11;U;BH-90981;16.09.2021;-7.67977;-6294;-1980;0.17;0.03;0.0298;1421.060168
12;U;BH-90981;16.09.2021;-6.8649616;-6288;-1946;0.19;0.18;0.0301;1386.542462
13;U;BH-90981;16.09.2021;-7.0395634;-6282;-1912;0.19;0.42;0.0317;1352.025148
14;U;BH-90981;16.09.2021;-7.5245684;-6276;-1878;0.15;0.25;0.0313;1317.508254
15;U;BH-90981;16.09.2021;-5.1286437;-6270;-1844;0.19;0.18;0.0314;1282.991816
16;U;BH-90981;16.09.2021;-6.1374541;-6264;-1810;0.19;0.21;0.0305;1248.475871
17;U;BH-90981;16.09.2021;-7.0298633;-6258;-1776;0.17;0.18;0.0316;1213.960461
18;U;BH-90981;16.09.2021;-5.545748;-6252;-1742;0.2;0.21;0.0342;1179.445632
19;U;BH-90981;16.09.2021;-7.3305664;-6246;-1708;0.18;0.03;0.0316;1144.931439
20;U;BH-90981;16.09.2021;-4.4884371;-6240;-1674;0.23;0.09;0.0334;1110.417939
21;U;BH-90981;16.09.2021;-5.7882505;-6234;-1640;0.18;0.19;0.0321;1075.9052
22;U;BH-90981;16.09.2021;-5.8949516;-6228;-1606;0.17;0.09;0.0314;1041.393297
23;U;BH-90981;16.09.2021;-5.7979506;-6221;-1572;0.21;0.17;0.0334;1006.680188
24;U;BH-90981;16.09.2021;-6.1374541;-6214;-1538;0.2;0.15;0.0346;971.9670776
25;U;BH-90981;16.09.2021;-5.9919526;-6207;-1504;0.18;0.24;0.0297;937.2539677
26;U;BH-90981;16.09.2021;-7.0589636;-6200;-1470;0.2;0.05;0.0328;902.5408578
27;U;BH-90981;16.09.2021;-5.3905464;-6193;-1436;0.17;0.06;0.0361;867.8277479
28;U;BH-90981;16.09.2021;-5.8270509;-6186;-1402;0.17;0.06;0.0349;833.114638
29;U;BH-90981;16.09.2021;-5.8464511;-6179;-1368;0.17;0.11;0.0333;798.4015281
30;U;BH-90981;16.09.2021;-6.1665544;-6172;-1334;0.22;0.09;0.0379;763.6884181
31;U;BH-90981;16.09.2021;-4.7406397;-6165;-1300;0.16;0.07;0.0357;728.9753082
32;U;BH-90981;16.09.2021;-6.3411562;-6158;-1266;0.15;0.14;0.0378;694.2621983
33;U;BH-90981;16.09.2021;-6.7873608;-6151;-1232;0.18;0.07;0.0369;659.5490884
34;U;BH-90981;16.09.2021;-7.0298633;-6144;-1198;0.15;0.11;0.0355;624.8359785
35;U;BH-90981;16.09.2021;-7.0880639;-6137;-1164;0.16;0.08;0.0365;590.1228686
36;U;BH-90981;16.09.2021;-6.6030589;-6130;-1130;0.15;0.1;0.0382;555.4097586
37;U;BH-90981;16.09.2021;-6.7291602;-6123;-1096;0.19;0.11;0.0381;520.6966487
38;U;BH-90981;16.09.2021;-6.7194601;-6116;-1062;0.21;0.08;0.0379;485.9835388
39;U;BH-90981;16.09.2021;-5.9531522;-6109;-1028;0.19;0.13;0.0372;451.2704289
40;U;BH-90981;16.09.2021;-4.7309396;-6102;-994;0.21;0.09;0.0379;416.557319
41;U;BH-90981;16.09.2021;-7.5245684;-6095;-960;0.26;0.19;0.0522;381.8442091
42;U;BH-90981;16.09.2021;-5.9143518;-6088;-926;0.19;0.09;0.0386;347.1310992
43;U;BH-90981;16.09.2021;-5.4584471;-6081;-892;0.19;0.08;0.0392;312.4179892
44;U;BH-90981;16.09.2021;-5.8076507;-6074;-858;0.18;0.09;0.0384;277.7048793
45;U;BH-90981;16.09.2021;-7.1074641;-6067;-824;0.16;0.14;0.0405;242.9917694
46;U;BH-90981;16.09.2021;-7.291766;-6060;-790;0.21;0.05;0.0395;208.2786595
47;U;BH-90981;16.09.2021;-8.0968743;-6053;-756;0.19;0.04;0.0417;173.5655496
48;U;BH-90981;16.09.2021;-9.0765844;-6046;-722;0.24;0.07;0.0431;138.8524397
49;U;BH-90981;16.09.2021;NA;-6039;-688;0.34;0.22;0.0436;104.1393297
50;U;BH-90981;16.09.2021;-5.9919526;-6032;-654;0.17;0.04;0.0381;69.42621983
51;U;BH-90981;16.09.2021;-6.4478573;-6025;-620;0.21;0.09;0.0382;34.71310992
52;U;core;16.09.2021;-6.0889536;-6018;-586;0.22;0.07;0.0366;0
1;V;rim;16.09.2021;-5.060743;-6696;-4134;0.23;0.2;0.034;1575.737288
2;V;BH-90997;16.09.2021;-7.0104631;-6665;-4117;0.19;0.11;0.0313;1540.387614
3;V;BH-90997;16.09.2021;-6.418757;-6634;-4100;0.2;0.17;0.0328;1505.038205
4;V;BH-90997;16.09.2021;-6.3896567;-6603;-4083;0.19;0.08;0.0357;1469.689083
5;V;BH-90997;16.09.2021;-5.0219426;-6572;-4066;0.18;0.06;0.0343;1434.340266
6;V;BH-90997;16.09.2021;-6.4769576;-6541;-4049;0.2;0.11;0.035;1398.99178
7;V;BH-90997;16.09.2021;-6.2829556;-6510;-4032;0.22;0.11;0.0322;1363.643648
8;V;BH-90997;16.09.2021;-6.9328623;-6479;-4015;0.18;0.1;0.0333;1328.295901
9;V;BH-90997;16.09.2021;-6.4866577;-6448;-3998;0.2;0.07;0.0357;1292.948568
10;V;BH-90997;16.09.2021;-4.1780339;-6417;-3981;0.16;0.07;0.0357;1257.601686
11;V;BH-90997;16.09.2021;-5.9822525;-6386;-3964;0.18;0.13;0.0346;1222.255292
12;V;BH-90997;16.09.2021;-5.6039486;-6355;-3946;0.21;0.06;0.0348;1186.408446
13;V;BH-90997;16.09.2021;-7.291766;-6324;-3928;0.2;0.05;0.034;1150.561602
14;V;BH-90997;16.09.2021;-9.1638853;-6293;-3910;0.18;0.15;0.0331;1114.714762
15;V;BH-90997;16.09.2021;-8.3199766;-6262;-3892;0.21;0.25;0.0364;1078.867925
16;V;BH-90997;16.09.2021;-7.0395634;-6231;-3874;0.18;0.2;0.038;1043.021093
17;V;BH-90997;16.09.2021;-7.5633688;-6200;-3856;0.25;0.18;0.037;1007.174265
18;V;BH-90997;16.09.2021;-8.1259746;-6169;-3838;0.17;0.07;0.0365;971.3274422
19;V;BH-90997;16.09.2021;-8.7952815;-6138;-3820;0.21;0.15;0.0372;935.4806251
20;V;BH-90997;16.09.2021;-8.5915794;-6107;-3802;0.17;0.16;0.0383;899.6338144
21;V;BH-90997;16.09.2021;-7.7670709;-6076;-3784;0.16;0.16;0.0377;863.7870108
22;V;BH-90997;16.09.2021;-8.0580739;-6045;-3766;0.18;0.16;0.0374;827.9402152
23;V;BH-90997;16.09.2021;-8.7661812;-6014;-3748;0.19;0.07;0.0374;792.0934288
24;V;BH-90997;16.09.2021;-6.8843618;-5983;-3730;0.21;0.08;0.0373;756.2466529
25;V;BH-90997;16.09.2021;-4.7115394;-5952;-3712;0.16;0.14;0.0372;720.399889
26;V;BH-90997;16.09.2021;-5.351746;-5921;-3694;0.21;0.17;0.0399;684.5531389
27;V;BH-90997;16.09.2021;-7.0589636;-5890;-3676;0.1;0.06;0.04;648.7064051
28;V;BH-90997;16.09.2021;-6.5254581;-5859;-3658;0.17;0.11;0.04;612.8596903
29;V;BH-90997;16.09.2021;-6.418757;-5828;-3640;0.19;0.1;0.0403;577.0129981
30;V;BH-90997;16.09.2021;-7.097764;-5797;-3622;0.14;0.08;0.0412;541.166333
31;V;BH-90997;16.09.2021;-6.9425624;-5766;-3604;0.18;0.1;0.0417;505.3197008
32;V;BH-90997;16.09.2021;-7.3790669;-5735;-3586;0.18;0.16;0.0411;469.4731089
33;V;BH-90997;16.09.2021;-8.4751782;-5704;-3568;0.19;0.12;0.0438;433.6265675
34;V;BH-90997;16.09.2021;-7.388767;-5673;-3550;0.23;0.13;0.0425;397.78009
35;V;BH-90997;16.09.2021;-8.0968743;-5642;-3532;0.21;0.06;0.0442;361.9336956
36;V;BH-90997;16.09.2021;-7.8349716;-5611;-3514;0.19;0.06;0.0433;326.0874116
37;V;BH-90997;16.09.2021;-8.2229756;-5580;-3496;0.21;0.07;0.0433;290.2412789
38;V;BH-90997;16.09.2021;-8.1744751;-5549;-3478;0.2;0.06;0.0424;254.3953616
39;V;BH-90997;16.09.2021;-8.0968743;-5518;-3460;0.15;0.15;0.0396;218.5497655
40;V;BH-90997;16.09.2021;-8.4848783;-5487;-3442;0.2;0.12;0.044;182.7046797
41;V;BH-90997;16.09.2021;-7.7961712;-5456;-3424;0.23;0.07;0.0423;146.860478
42;V;BH-90997;16.09.2021;-6.6709596;-5424;-3406;0.19;0.09;0.0431;110.1453585
43;V;BH-90997;16.09.2021;-7.8640719;-5392;-3388;0.19;0.05;0.0432;73.430239
44;V;BH-90997;16.09.2021;-8.4460779;-5360;-3370;0.26;0.03;0.0465;36.7151195
45;V;core;16.09.2021;-9.7264911;-5328;-3352;0.24;0.12;0.0445;0
1;W;rim;16.09.2021;-6.1859546;-1588;-5887;0.2;0.36;0.0321;1714.700265
2;W;BH-91013;16.09.2021;-4.9055414;-1623;-5886;0.2;0.19;0.0299;1679.685983
3;W;BH-91013;16.09.2021;-5.3905464;-1658;-5885;0.16;0.06;0.0295;1644.6717
4;W;BH-91013;16.09.2021;-6.2829556;-1693;-5884;0.18;0.15;0.0295;1609.657417
5;W;BH-91013;16.09.2021;-6.9716627;-1728;-5883;0.09;0.08;0.031;1574.643134
6;W;BH-91013;16.09.2021;-6.6903598;-1763;-5882;0.19;0.13;0.0321;1539.628851
7;W;BH-91013;16.09.2021;-6.7873608;-1798;-5881;0.16;0.1;0.0321;1504.614569
8;W;BH-91013;16.09.2021;-6.5836587;-1833;-5880;0.18;0.12;0.0318;1469.600286
9;W;BH-91013;16.09.2021;-6.030753;-1868;-5879;0.16;0.07;0.0329;1434.586003
10;W;BH-91013;16.09.2021;-5.4390469;-1903;-5878;0.15;0.09;0.0324;1399.57172
11;W;BH-91013;16.09.2021;-3.9549316;-1938;-5877;0.18;0.11;0.03;1364.557437
12;W;BH-91013;16.09.2021;-4.9734421;-1973;-5876;0.2;0.2;0.0347;1329.543155
13;W;BH-91013;16.09.2021;-4.7212395;-2008;-5875;0.16;0.17;0.0318;1294.528872
14;W;BH-91013;16.09.2021;-5.6912495;-2043;-5874;0.19;0.16;0.0319;1259.514589
15;W;BH-91013;16.09.2021;-5.73975;-2078;-5873;0.21;0.18;0.0305;1224.500306
16;W;BH-91013;16.09.2021;-7.1074641;-2113;-5872;0.16;0.13;0.0326;1189.486023
17;W;BH-91013;16.09.2021;-6.5351582;-2148;-5871;0.14;0.15;0.0314;1154.471741
18;W;BH-91013;16.09.2021;-6.5739586;-2183;-5870;0.21;0.16;0.0331;1119.457458
19;W;BH-91013;16.09.2021;-6.6806597;-2218;-5869;0.16;0.09;0.0328;1084.443175
20;W;BH-91013;16.09.2021;-8.1550749;-2253;-5868;0.24;0.13;0.0361;1049.428892
21;W;BH-91013;16.09.2021;-6.806761;-2288;-5867;0.17;0.08;0.0353;1014.41461
22;W;BH-91013;16.09.2021;-6.8746617;-2323;-5866;0.22;0.09;0.0341;979.4003267
23;W;BH-91013;16.09.2021;-5.4584471;-2358;-5865;0.18;0.06;0.032;944.3860439
24;W;BH-91013;16.09.2021;-4.8182405;-2393;-5864;0.17;0.09;0.0338;909.3717612
25;W;BH-91013;16.09.2021;-5.6912495;-2428;-5863;0.22;0.14;0.0344;874.3574784
26;W;BH-91013;16.09.2021;-5.7882505;-2463;-5862;0.2;0.11;0.0337;839.3431956
27;W;BH-91013;16.09.2021;-6.1956547;-2498;-5861;0.2;0.08;0.0341;804.3289128
28;W;BH-91013;16.09.2021;-6.8940619;-2533;-5860;0.14;0.05;0.0334;769.31463
29;W;BH-91013;16.09.2021;-6.9328623;-2568;-5859;0.16;0.15;0.034;734.3003473
30;W;BH-91013;16.09.2021;-7.7476707;-2603;-5858;0.17;0.22;0.0341;699.2860645
31;W;BH-91013;16.09.2021;-8.0774741;-2638;-5857;0.2;0.07;0.0347;664.2717817
32;W;BH-91013;16.09.2021;-8.9698833;-2673;-5856;0.15;0.23;0.0358;629.257499
33;W;BH-91013;16.09.2021;-8.3975774;-2708;-5855;0.18;0.06;0.0379;594.2432162
34;W;BH-91013;16.09.2021;-11.2882072;-2743;-5854;0.23;0.52;0.0683;559.2289334
35;W;BH-91013;16.09.2021;-8.1550749;-2778;-5853;0.26;0.07;0.0387;524.2146507
36;W;BH-91013;16.09.2021;-8.0386737;-2813;-5852;0.23;0.12;0.0379;489.2003679
37;W;BH-91013;16.09.2021;-8.3393768;-2848;-5851;0.19;0.08;0.0405;454.1860852
38;W;BH-91013;16.09.2021;-9.61979;-2883;-5850;0.17;0.68;0.0812;419.1718025
39;W;BH-91013;16.09.2021;-9.0668843;-2918;-5849;0.14;0.07;0.0414;384.1575198
40;W;BH-91013;16.09.2021;-12.0157147;-2953;-5848;0.2;1.08;0.0893;349.1432371
41;W;BH-91013;16.09.2021;-8.9698833;-2988;-5847;0.2;0.06;0.0386;314.1289544
42;W;BH-91013;16.09.2021;-9.3578873;-3023;-5846;0.19;0.11;0.037;279.1146718
43;W;BH-91013;16.09.2021;-9.61979;-3058;-5845;0.22;0.1;0.0375;244.1003892
44;W;BH-91013;16.09.2021;-9.716791;-3093;-5844;0.2;0.21;0.0372;209.0861067
45;W;BH-91013;16.09.2021;-9.134785;-3128;-5843;0.16;0.09;0.039;174.0718243
46;W;BH-91013;16.09.2021;-10.3569976;-3163;-5842;0.17;0.08;0.041;139.057542
47;W;BH-91013;16.09.2021;-9.5130889;-3198;-5841;0.2;0.12;0.041;104.0432602
48;W;BH-91013;16.09.2021;-9.8525924;-3233;-5840;0.17;0.04;0.0432;69.02897942
49;W;BH-91013;16.09.2021;-9.5324891;-3268;-5839;0.22;0.08;0.0419;34.0147027
50;W;core;16.09.2021;-9.0280839;-3302;-5838;0.19;0.06;0.0451;0
1;X;rim;16.09.2021;NA;1754;-7032;;0.05;0.1406;1532.019908
2;X;BH-91045;16.09.2021;-4.575738;1720;-7028;0.24;0.05;0.0325;1497.794712
3;X;BH-91045;16.09.2021;-5.5651482;1686;-7024;0.22;0.08;0.0331;1463.56995
4;X;BH-91045;16.09.2021;-6.2441552;1652;-7020;0.19;0.07;0.0324;1429.345654
5;X;BH-91045;16.09.2021;-7.4275674;1618;-7016;0.19;0.14;0.0325;1395.121858
6;X;BH-91045;16.09.2021;-6.4478573;1585;-7012;0.21;0.06;0.0322;1361.888395
7;X;BH-91045;16.09.2021;-6.7970609;1551;-7008;0.16;0.25;0.0323;1327.665621
8;X;BH-91045;16.09.2021;-7.9513728;1517;-7004;0.2;0.06;0.0328;1293.443466
9;X;BH-91045;16.09.2021;-6.2635554;1484;-7000;0.15;0.05;0.0334;1260.21149
10;X;BH-91045;16.09.2021;-5.5069476;1450;-6996;0.2;0.16;0.0339;1225.99062
11;X;BH-91045;16.09.2021;-6.1374541;1416;-6992;0.18;0.11;0.0353;1191.770532
12;X;BH-91045;16.09.2021;-6.6612595;1383;-6988;0.16;0.03;0.0352;1158.540461
13;X;BH-91045;16.09.2021;-6.903762;1349;-6983;0.17;0.14;0.0339;1124.174808
14;X;BH-91045;16.09.2021;-6.8552615;1315;-6978;0.21;0.06;0.0366;1089.809158
15;X;BH-91045;16.09.2021;-7.9319726;1282;-6973;0.15;0.09;0.0371;1056.432677
16;X;BH-91045;16.09.2021;-7.582769;1248;-6968;0.16;0.07;0.0377;1022.067023
17;X;BH-91045;16.09.2021;-7.9804731;1214;-6963;0.16;0.04;0.038;987.7013719
18;X;BH-91045;16.09.2021;-9.8816927;1180;-6958;0.15;0.09;0.0398;953.3357226
19;X;BH-91045;16.09.2021;-8.9795834;1147;-6953;0.14;0.13;0.0412;919.9592382
20;X;BH-91045;16.09.2021;-10.0756947;1113;-6948;0.16;0.06;0.038;885.5935862
21;X;BH-91045;16.09.2021;-9.7070909;1079;-6943;0.15;0.16;0.0404;851.2279366
22;X;BH-91045;16.09.2021;-8.2132755;1046;-6938;0.15;0.1;0.0405;817.8514535
23;X;BH-91045;16.09.2021;-5.6039486;1012;-6933;0.19;0.05;0.0392;783.4858008
24;X;BH-91045;16.09.2021;-5.8755514;978;-6928;0.16;0.08;0.0406;749.1201506
25;X;BH-91045;16.09.2021;-5.9822525;945;-6923;0.18;0.07;0.0406;715.7436692
26;X;BH-91045;16.09.2021;-6.9328623;911;-6918;0.23;0.05;0.0425;681.3780155
27;X;BH-91045;16.09.2021;-7.7185704;877;-6913;0.18;0.06;0.0432;647.0123646
28;X;BH-91045;16.09.2021;-8.1453748;844;-6908;0.26;0.19;0.0487;613.6358855
29;X;BH-91045;16.09.2021;-7.8834721;810;-6903;0.19;0.08;0.0429;579.2702305
30;X;BH-91045;16.09.2021;-8.2035754;776;-6898;0.2;0.11;0.0412;544.9045788
31;X;BH-91045;16.09.2021;-8.5139786;742;-6893;0.17;0.07;0.0404;510.5389309
32;X;BH-91045;16.09.2021;-9.8331922;709;-6888;0.18;0.04;0.0414;477.1624461
33;X;BH-91045;16.09.2021;-9.4936887;675;-6883;0.15;0.06;0.0428;442.7967931
34;X;BH-91045;16.09.2021;-10.2696967;641;-6878;0.18;0.04;0.0447;408.4311447
35;X;BH-91045;16.09.2021;-10.4151982;608;-6873;0.19;0.06;0.0452;375.0546627
36;X;BH-91045;16.09.2021;-8.7273808;574;-6868;0.2;0.07;0.0446;340.6890077
37;X;BH-91045;16.09.2021;-9.8719926;540;-6863;0.23;0.26;0.0542;306.3233586
38;X;BH-91045;16.09.2021;-10.0368943;507;-6858;0.18;0.57;0.064;272.9468813
39;X;BH-91045;16.09.2021;-8.4848783;473;-6853;0.19;0.1;0.0444;238.5812231
40;X;BH-91045;16.09.2021;-10.0465944;439;-6848;0.2;0.06;0.043;204.2155724
41;X;BH-91045;16.09.2021;-9.4354881;406;-6843;0.17;0.12;0.0438;170.8391056
42;X;BH-91045;16.09.2021;-10.0465944;372;-6838;0.2;0.06;0.0461;136.4734406
43;X;BH-91045;16.09.2021;-9.6779906;338;-6833;0.23;0.09;0.0463;102.1077862
44;X;BH-91045;16.09.2021;-10.0950949;304;-6828;0.23;0.1;0.0466;67.74215822
45;X;BH-91045;16.09.2021;-10.0950949;271;-6823;0.19;0.11;0.0438;34.36568055
46;X;core;16.09.2021;-11.4143085;237;-6818;0.2;0.11;0.0558;0
1;Y;rim;16.09.2021;-4.963742;0;-4892;0.17;0.28;0.0308;1594.537237
2;Y;BH-91050;16.09.2021;-5.836751;-34;-4891;0.22;0.11;0.03;1560.526193
3;Y;BH-91050;16.09.2021;-5.9919526;-68;-4890;0.22;0.3;0.0319;1526.515313
4;Y;BH-91050;16.09.2021;-7.0104631;-102;-4889;0.18;0.08;0.0318;1492.504606
5;Y;BH-91050;16.09.2021;-4.3332355;-136;-4888;0.16;0.22;0.0297;1458.494086
6;Y;BH-91050;16.09.2021;-5.1383438;-170;-4887;0.18;0.15;0.0299;1424.483766
7;Y;BH-91050;16.09.2021;-6.3023558;-204;-4886;0.15;0.08;0.0299;1390.47366
8;Y;BH-91050;16.09.2021;-6.1956547;-238;-4885;0.23;0.18;0.0325;1356.463785
9;Y;BH-91050;16.09.2021;-7.3111662;-271;-4884;0.21;0.21;0.0343;1323.453059
10;Y;BH-91050;16.09.2021;-4.2653348;-305;-4883;0.18;0.1;0.0292;1289.443678
11;Y;BH-91050;16.09.2021;-5.5845484;-339;-4882;0.11;0.06;0.0293;1255.434586
12;Y;BH-91050;16.09.2021;-6.7291602;-373;-4881;0.19;0.1;0.0341;1221.425806
13;Y;BH-91050;16.09.2021;-7.000763;-407;-4880;0.17;0.08;0.0328;1187.417366
14;Y;BH-91050;16.09.2021;-8.6982805;-441;-4879;0.21;0.05;0.0348;1153.409294
15;Y;BH-91050;16.09.2021;-5.1965444;-475;-4878;0.21;0.05;0.0306;1119.401626
16;Y;BH-91050;16.09.2021;-6.2829556;-508;-4877;0.15;0.04;0.0365;1086.393115
17;Y;BH-91050;16.09.2021;-6.7679606;-542;-4876;0.17;0.23;0.0348;1052.386336
18;Y;BH-91050;16.09.2021;-6.9134621;-576;-4875;0.17;0.1;0.0367;1018.380086
19;Y;BH-91050;16.09.2021;-7.6215694;-610;-4874;0.2;0.21;0.0357;984.3744206
20;Y;BH-91050;16.09.2021;-7.4178673;-644;-4873;0.2;0.12;0.0373;950.3694019
21;Y;BH-91050;16.09.2021;-7.0104631;-678;-4872;0.14;0.07;0.0364;916.3651019
22;Y;BH-91050;16.09.2021;-7.5439686;-712;-4871;0.2;0.07;0.0353;882.3616039
23;Y;BH-91050;16.09.2021;-8.2229756;-745;-4870;0.16;0.11;0.0371;849.3574042
24;Y;BH-91050;16.09.2021;-7.9901732;-779;-4869;0.15;0.1;0.0336;815.3557506
25;Y;BH-91050;16.09.2021;-4.6921392;-813;-4868;0.17;0.12;0.0383;781.3552329
26;Y;BH-91050;16.09.2021;-6.5254581;-847;-4866;0.22;0.11;0.0378;747.2964606
27;Y;BH-91050;16.09.2021;-7.5051682;-881;-4864;0.14;0.08;0.0449;713.2376883
28;Y;BH-91050;16.09.2021;-7.970773;-916;-4864;0.2;0.05;0.0417;678.3015554
29;Y;BH-91050;16.09.2021;-7.8640719;-948;-4860;0.23;0.1;0.0398;646.1184102
30;Y;BH-91050;16.09.2021;-7.9319726;-982;-4858;0.18;0.04;0.0392;612.0596376
31;Y;BH-91050;16.09.2021;-7.2335654;-1016;-4856;0.18;0.13;0.0397;578.0008651
32;Y;BH-91050;16.09.2021;-6.9231622;-1050;-4854;0.21;0.15;0.0368;543.9420925
33;Y;BH-91050;16.09.2021;-7.1850649;-1084;-4852;0.2;0.08;0.035;509.88332
34;Y;BH-91050;16.09.2021;-7.7573708;-1118;-4850;0.17;0.06;0.0372;475.8245475
35;Y;BH-91050;16.09.2021;-7.5924691;-1152;-4848;0.21;0.06;0.0359;441.765775
36;Y;BH-91050;16.09.2021;-7.3014661;-1185;-4846;0.19;0.19;0.0364;408.7052728
37;Y;BH-91050;16.09.2021;-7.1656647;-1219;-4844;0.19;0.03;0.0366;374.6465001
38;Y;BH-91050;16.09.2021;-7.9610729;-1253;-4842;0.2;0.16;0.039;340.5877273
39;Y;BH-91050;16.09.2021;-10.1144951;-1287;-4840;0.23;0.13;0.0378;306.5289546
40;Y;BH-91050;16.09.2021;-9.6488903;-1321;-4838;0.21;0.13;0.0392;272.4701819
41;Y;BH-91050;16.09.2021;-10.3763978;-1355;-4836;0.19;0.08;0.0372;238.4114091
42;Y;BH-91050;16.09.2021;-9.3772875;-1389;-4834;0.16;0.12;0.036;204.3526364
43;Y;BH-91050;16.09.2021;-9.7458913;-1423;-4832;0.21;0.09;0.0368;170.2938637
44;Y;BH-91050;16.09.2021;-10.4054981;-1457;-4830;0.2;0.08;0.0373;136.2350909
45;Y;BH-91050;16.09.2021;-10.2114961;-1491;-4828;0.23;0.09;0.0372;102.1763182
46;Y;BH-91050;16.09.2021;-10.3666977;-1525;-4826;0.18;0.08;0.037;68.11754546
47;Y;BH-91050;16.09.2021;-9.9010929;-1559;-4824;0.18;0.08;0.0374;34.05877273
48;Y;core;16.09.2021;-10.4054981;-1593;-4822;0.22;0.17;0.0374;0
1;Z;rim;16.09.2021;-5.6039486;2922;-6856;0.16;0.06;0.0349;1318.823718
2;Z;BH-91053;16.09.2021;-6.2150549;2905;-6825;0.21;0.12;0.0337;1283.471075
3;Z;BH-91053;16.09.2021;-6.0986537;2888;-6794;0.16;0.13;0.0308;1248.118584
4;Z;BH-91053;16.09.2021;-7.0783638;2871;-6763;0.16;0.07;0.0338;1212.766259
5;Z;BH-91053;16.09.2021;-6.5351582;2854;-6732;0.18;0.15;0.0317;1177.414116
6;Z;BH-91053;16.09.2021;-6.5642585;2838;-6701;0.19;0.1;0.0329;1142.530962
7;Z;BH-91053;16.09.2021;-6.0404531;2821;-6670;0.19;0.19;0.0302;1107.178847
8;Z;BH-91053;16.09.2021;-7.0492635;2804;-6639;0.17;0.06;0.0345;1071.826945
9;Z;BH-91053;16.09.2021;-6.7970609;2787;-6608;0.17;0.1;0.035;1036.475277
10;Z;BH-91053;16.09.2021;-6.7776607;2771;-6577;0.19;0.15;0.0362;1001.591733
11;Z;BH-91053;16.09.2021;-4.5175374;2754;-6546;0.18;0.13;0.0312;966.2401358
12;Z;BH-91053;16.09.2021;-4.7503398;2737;-6515;0.18;0.1;0.0332;930.8888226
13;Z;BH-91053;16.09.2021;-5.5263478;2721;-6484;0.18;0.04;0.0346;896.0050223
14;Z;BH-91053;16.09.2021;-5.4778473;2704;-6453;0.22;0.15;0.0339;860.6538212
15;Z;BH-91053;16.09.2021;-5.933752;2687;-6422;0.21;0.11;0.0347;825.3029747
16;Z;BH-91053;16.09.2021;-7.1074641;2670;-6391;0.16;0.1;0.0354;789.9525302
17;Z;BH-91053;16.09.2021;-7.4275674;2654;-6360;0.18;0.11;0.037;755.0682088
18;Z;BH-91053;16.09.2021;-7.2141652;2637;-6329;0.19;0.1;0.038;719.7180003
19;Z;BH-91053;16.09.2021;-7.7379706;2620;-6298;0.17;0.1;0.0386;684.3683219
20;Z;BH-91053;16.09.2021;-7.2044651;2603;-6267;0.14;0.06;0.037;649.0192601
21;Z;BH-91053;16.09.2021;-7.2238653;2587;-6236;0.2;0.1;0.0365;614.1343501
22;Z;BH-91053;16.09.2021;-8.067774;2570;-6204;0.2;0.06;0.0407;577.8996453
23;Z;BH-91053;16.09.2021;-8.4363778;2553;-6172;0.17;0.13;0.0383;541.6650256
24;Z;BH-91053;16.09.2021;-8.1259746;2537;-6140;0.18;0.13;0.0366;505.8942577
25;Z;BH-91053;16.09.2021;-7.8834721;2520;-6108;0.17;0.06;0.0375;469.6594511
26;Z;BH-91053;16.09.2021;-7.1171642;2503;-6076;0.13;0.1;0.0378;433.424734
27;Z;BH-91053;16.09.2021;-6.806761;2486;-6044;0.2;0.11;0.0392;397.1901308
28;Z;BH-91053;16.09.2021;-7.9513728;2470;-6012;0.18;0.06;0.0347;361.4194239
29;Z;BH-91053;16.09.2021;-6.8649616;2453;-5980;0.23;0.05;0.0327;325.184563
30;Z;BH-91053;16.09.2021;-7.7476707;2436;-5948;0.22;0.08;0.0322;288.9498226
31;Z;BH-91053;16.09.2021;-7.7476707;2419;-5916;0.19;0.14;0.0375;252.7152548
32;Z;BH-91053;16.09.2021;-7.4566677;2403;-5884;0.21;0.11;0.0327;216.9446934
33;Z;BH-91053;16.09.2021;-9.3772875;2386;-5852;0.16;0.1;0.0358;180.709712
34;Z;BH-91053;16.09.2021;-9.5712895;2369;-5820;0.2;0.12;0.034;144.4749113
35;Z;BH-91053;16.09.2021;-9.0183838;2353;-5788;0.2;0.12;0.0321;108.7060256
36;Z;BH-91053;16.09.2021;-9.5324891;2336;-5756;0.18;0.1;0.0331;72.47068373
37;Z;BH-91053;16.09.2021;-9.7943918;2319;-5724;0.19;0.13;0.034;36.23534186
38;Z;core;16.09.2021;-9.2996867;2302;-5692;0.18;0.06;0.035;0
1;1;rim;27.09.2021;-5.8076507;4659;-3491;0.23;0.1;0.0505;1189.394804
2;1;BH-91054;27.09.2021;-5.5166477;4627;-3505;0.19;0.13;0.0465;1154.469575
3;1;BH-91054;27.09.2021;-5.3905464;4595;-3519;0.17;0.38;0.0448;1119.54455
4;1;BH-91054;27.09.2021;-5.5651482;4564;-3533;0.15;0.08;0.0477;1085.5418
5;1;BH-91054;27.09.2021;-5.0316427;4533;-3547;0.21;0.03;0.0496;1051.539823
6;1;BH-91054;27.09.2021;-4.5563378;4501;-3561;0.15;0.04;0.0474;1016.615955
7;1;BH-91054;27.09.2021;-6.0210529;4470;-3575;0.2;0.1;0.0466;982.6153876
8;1;BH-91054;27.09.2021;-5.0413428;4439;-3589;0.16;0.12;0.0429;948.6158337
9;1;BH-91054;27.09.2021;-5.836751;4407;-3602;0.18;0.06;0.0469;914.0771302
10;1;BH-91054;27.09.2021;-3.9161312;4376;-3615;0.18;0.1;0.0488;880.4618106
11;1;BH-91054;27.09.2021;-5.0510429;4345;-3628;0.18;0.1;0.0458;846.8465032
12;1;BH-91054;28.09.2021;-6.224755;4313;-3641;0.15;0.04;0.0443;812.3078234
13;1;BH-91054;28.09.2021;-6.1665544;4282;-3654;0.16;0.13;0.0439;778.6924939
14;1;BH-91054;28.09.2021;-6.8649616;4251;-3667;0.15;0.04;0.0441;745.0771772
15;1;BH-91054;28.09.2021;-6.2053548;4219;-3680;0.2;0.17;0.0451;710.5385282
16;1;BH-91054;28.09.2021;-5.6912495;4188;-3693;0.19;0.04;0.0487;676.9231862
17;1;BH-91054;28.09.2021;-5.157744;4157;-3706;0.15;0.04;0.0491;643.3078579
18;1;BH-91054;28.09.2021;-6.0210529;4126;-3719;0.2;0.06;0.0492;609.6925455
19;1;BH-91054;28.09.2021;-6.5836587;4094;-3732;0.13;0.04;0.0501;575.1538924
20;1;BH-91054;28.09.2021;-6.70976;4063;-3745;0.18;0.24;0.0508;541.538549
21;1;BH-91054;28.09.2021;-6.7291602;4032;-3758;0.2;0.1;0.0515;507.9232225
22;1;BH-91054;28.09.2021;-6.9619626;4000;-3771;0.17;0.09;0.0518;473.3846216
23;1;BH-91054;28.09.2021;-6.1762545;3969;-3784;0.15;0.12;0.0528;439.7692577
24;1;BH-91054;28.09.2021;-7.0686637;3938;-3797;0.2;0.07;0.0523;406.1539117
25;1;BH-91054;28.09.2021;-7.0201632;3906;-3810;0.15;0.11;0.0518;371.6153926
26;1;BH-91054;28.09.2021;-5.351746;3875;-3823;0.15;0.07;0.0513;338
27;1;BH-91054;28.09.2021;-5.6815494;3844;-3836;0.17;0.11;0.0519;304.3846251
28;1;BH-91054;28.09.2021;-6.6321592;3812;-3849;0.14;0.05;0.0537;269.8462525
29;1;BH-91054;28.09.2021;-6.1665544;3781;-3862;0.17;0.08;0.0542;236.2308193
30;1;BH-91054;28.09.2021;-6.5836587;3750;-3875;0.16;0.13;0.0551;202.6153992
31;1;BH-91054;28.09.2021;-5.1965444;3719;-3888;0.19;0.19;0.0503;169
32;1;BH-91054;28.09.2021;-5.6039486;3687;-3901;0.18;0.1;0.0496;134.4618905
33;1;BH-91054;28.09.2021;-6.4478573;3656;-3914;0.19;0.06;0.0442;100.8464179
34;1;BH-91054;28.09.2021;-6.127754;3625;-3927;0.17;0.06;0.0459;67.23094526
35;1;BH-91054;28.09.2021;-6.7194601;3593;-3940;0.19;0.08;0.0461;32.69556545
36;1;core;28.09.2021;-7.0783638;3563;-3953;0.14;0.07;0.0484;0
1;4;rim;27.09.2021;-8.261776;4990;2265;0.37;0.59;0.0669;2047.687965
2;4;BH-91328;27.09.2021;-4.5272375;4965;2290;0.15;0.11;0.0527;2012.355833
3;4;BH-91328;27.09.2021;-6.5351582;4940;2315;0.2;0.07;0.065;1977.024532
4;4;BH-91328;27.09.2021;-4.9831422;4916;2341;0.22;0.1;0.054;1941.641058
5;4;BH-91328;27.09.2021;-3.4408263;4892;2367;0.2;0.13;0.0536;1906.25759
6;4;BH-91328;27.09.2021;-4.7503398;4868;2393;0.2;0.19;0.0571;1870.874127
7;4;BH-91328;27.09.2021;-5.1868443;4844;2419;0.19;0.14;0.057;1835.49067
8;4;BH-91328;27.09.2021;-2.6260179;4820;2445;0.16;0.17;0.0522;1800.107219
9;4;BH-91328;27.09.2021;-4.7115394;4796;2471;0.16;0.11;0.0521;1764.723774
10;4;BH-91328;27.09.2021;-6.9813628;4772;2496;0.25;0.1;0.0599;1730.07312
11;4;BH-91328;27.09.2021;-4.1780339;4748;2522;0.17;0.18;0.0524;1694.689647
12;4;BH-91328;27.09.2021;-4.1295334;4724;2548;0.15;0.08;0.0546;1659.30618
13;4;BH-91328;27.09.2021;-6.2441552;4700;2574;0.12;0.24;0.0637;1623.92272
14;4;BH-91328;27.09.2021;-3.7512295;4676;2600;0.25;0.18;0.0542;1588.539266
15;4;BH-91328;27.09.2021;-5.2256447;4652;2626;0.16;0.18;0.0587;1553.15582
16;4;BH-91328;27.09.2021;-6.612759;4628;2652;0.12;0.27;0.0568;1517.772381
17;4;BH-91328;27.09.2021;-3.0916227;4604;2677;0.22;0.18;0.0475;1483.121708
18;4;BH-91328;27.09.2021;-3.993732;4580;2703;0.13;0.08;0.0496;1447.738236
19;4;BH-91328;27.09.2021;-5.8464511;4556;2729;0.19;0.13;0.06;1412.354771
20;4;BH-91328;27.09.2021;-6.6903598;4532;2755;0.18;0.39;0.0625;1376.971314
21;4;BH-91328;27.09.2021;-2.9461212;4508;2781;0.16;0.09;0.0473;1341.587865
22;4;BH-91328;27.09.2021;-3.3729256;4484;2807;0.17;0.1;0.0468;1306.204425
23;4;BH-91328;27.09.2021;-4.4690369;4460;2833;0.17;0.09;0.0518;1270.820994
24;4;BH-91328;27.09.2021;-6.4478573;4436;2858;0.19;0.14;0.0574;1236.170296
25;4;BH-91328;27.09.2021;-6.7194601;4412;2884;0.17;0.16;0.0543;1200.786825
26;4;BH-91328;27.09.2021;-5.1480439;4388;2910;0.19;0.1;0.0554;1165.403364
27;4;BH-91328;27.09.2021;-3.79973;4364;2936;0.17;0.1;0.053;1130.019911
28;4;BH-91328;27.09.2021;-5.0025424;4340;2962;0.18;0.29;0.0502;1094.636469
29;4;BH-91328;27.09.2021;-5.8464511;4315;2988;0.15;0.12;0.0523;1058.572624
30;4;BH-91328;27.09.2021;-7.3984671;4291;3014;0.2;0.25;0.0596;1023.189132
31;4;BH-91328;27.09.2021;-3.120723;4267;3039;0.17;0.14;0.0525;988.5388207
32;4;BH-91328;27.09.2021;-3.7415294;4243;3065;0.2;0.11;0.0527;953.1552864
33;4;BH-91328;27.09.2021;-5.1286437;4219;3091;0.17;0.06;0.0505;917.7717581
34;4;BH-91328;27.09.2021;-6.0113528;4195;3117;0.16;0.18;0.0518;882.3882365
35;4;BH-91328;27.09.2021;-6.3120559;4171;3143;0.2;0.07;0.0519;847.0047225
36;4;BH-91328;27.09.2021;-6.2635554;4147;3169;0.19;0.2;0.0555;811.6212171
37;4;BH-91328;27.09.2021;-4.4690369;4123;3195;0.17;0.05;0.0492;776.2377213
38;4;BH-91328;27.09.2021;-6.3993568;4099;3220;0.16;0.1;0.0494;741.5874864
39;4;BH-91328;27.09.2021;-6.8261612;4075;3246;0.16;0.08;0.0507;706.2039366
40;4;BH-91328;27.09.2021;-6.6321592;4051;3272;0.21;0.11;0.0493;670.8203932
41;4;BH-91328;27.09.2021;-6.7776607;4057;3298;0.19;0.09;0.0483;656.2011887
42;4;BH-91328;27.09.2021;-6.0113528;4003;3324;0.18;0.05;0.046;600.053331
43;4;BH-91328;27.09.2021;-5.9919526;3979;3350;0.21;0.1;0.0472;564.669815
44;4;BH-91328;27.09.2021;-6.5060579;3955;3376;0.18;0.06;0.0476;529.2863119
45;4;BH-91328;27.09.2021;-6.4090569;3931;3401;0.19;0.18;0.0492;494.63623
46;4;BH-91328;27.09.2021;-4.2944351;3907;3427;0.19;0.11;0.0483;459.2526538
47;4;BH-91328;27.09.2021;-5.4196467;3883;3453;0.11;0.2;0.0713;423.8690836
48;4;BH-91328;27.09.2021;-6.321756;3859;3479;0.18;0.04;0.0644;388.485521
49;4;BH-91328;27.09.2021;-5.8949516;3835;3505;0.18;0.08;0.0477;353.1019683
50;4;BH-91328;27.09.2021;-5.9046517;3811;3531;0.22;0.09;0.0493;317.7184288
51;4;BH-91328;27.09.2021;-6.4963578;3787;3557;0.18;0.07;0.0462;282.3349075
52;4;BH-91328;27.09.2021;-6.1568543;3763;3583;0.18;0.06;0.0445;246.9514122
53;4;BH-91328;27.09.2021;-6.5060579;3739;3608;0.18;0.05;0.0428;212.3016722
54;4;BH-91328;27.09.2021;-6.2732555;3715;3634;0.21;0.02;0.0449;176.9180601
55;4;BH-91328;27.09.2021;-6.1180539;3691;3660;0.18;0.11;0.0441;141.5344481
56;4;BH-91328;27.09.2021;-7.2626657;3666;3686;0.19;0.09;0.0445;105.4751155
57;4;BH-91328;27.09.2021;-6.2829556;3643;3712;0.17;0.03;0.0442;70.76722405
58;4;BH-91328;27.09.2021;-7.1850649;3618;3738;0.18;0.04;0.0471;34.71310992
59;4;core;27.09.2021;-6.7291602;3595;3764;0.18;0.17;0.0478;0
